,AAPL_Close,VIX,GDP,FedRate,CPI,Unemployment
2020-01-02,72.71605682373047,12.470000267028809,21727.657,1.55,259.127,3.6
2020-01-03,72.00911712646484,14.020000457763672,21727.657,1.55,259.127,3.6
2020-01-06,72.5829086303711,13.850000381469727,21727.657,1.55,259.127,3.6
2020-01-07,72.24153900146484,13.789999961853027,21727.657,1.55,259.127,3.6
2020-01-08,73.40364074707031,13.449999809265137,21727.657,1.55,259.127,3.6
2020-01-09,74.9627914428711,12.539999961853027,21727.657,1.55,259.127,3.6
2020-01-10,75.13227844238281,12.5600004196167,21727.657,1.55,259.127,3.6
2020-01-13,76.73741149902344,12.319999694824219,21727.657,1.55,259.127,3.6
2020-01-14,75.70121002197266,12.390000343322754,21727.657,1.55,259.127,3.6
2020-01-15,75.3768081665039,12.420000076293945,21727.657,1.55,259.127,3.6
2020-01-16,76.32100677490234,12.319999694824219,21727.657,1.55,259.127,3.6
2020-01-17,77.16594696044922,12.100000381469727,21727.657,1.55,259.127,3.6
2020-01-21,76.64300537109375,12.850000381469727,21727.657,1.55,259.127,3.6
2020-01-22,76.91658782958984,12.90999984741211,21727.657,1.55,259.127,3.6
2020-01-23,77.28700256347656,12.979999542236328,21727.657,1.55,259.127,3.6
2020-01-24,77.06426239013672,14.5600004196167,21727.657,1.55,259.127,3.6
2020-01-27,74.79816436767578,18.229999542236328,21727.657,1.55,259.127,3.6
2020-01-28,76.9141616821289,16.280000686645508,21727.657,1.55,259.127,3.6
2020-01-29,78.52413177490234,16.389999389648438,21727.657,1.55,259.127,3.6
2020-01-30,78.41036987304688,15.489999771118164,21727.657,1.55,259.127,3.6
2020-01-31,74.93373107910156,18.84000015258789,21727.657,1.55,259.127,3.6
2020-02-01,74.93373107910156,18.84000015258789,21727.657,1.58,259.25,3.5
2020-02-03,74.72795867919922,17.969999313354492,21727.657,1.58,259.25,3.5
2020-02-04,77.19499206542969,16.049999237060547,21727.657,1.58,259.25,3.5
2020-02-05,77.82447814941406,15.149999618530273,21727.657,1.58,259.25,3.5
2020-02-06,78.73479461669922,14.960000038146973,21727.657,1.58,259.25,3.5
2020-02-07,77.6645736694336,15.470000267028809,21727.657,1.58,259.25,3.5
2020-02-10,78.033447265625,15.039999961853027,21727.657,1.58,259.25,3.5
2020-02-11,77.56262969970703,15.180000305175781,21727.657,1.58,259.25,3.5
2020-02-12,79.40458679199219,13.739999771118164,21727.657,1.58,259.25,3.5
2020-02-13,78.83911895751953,14.149999618530273,21727.657,1.58,259.25,3.5
2020-02-14,78.85855865478516,13.680000305175781,21727.657,1.58,259.25,3.5
2020-02-18,77.41460418701172,14.829999923706055,21727.657,1.58,259.25,3.5
2020-02-19,78.53577423095703,14.380000114440918,21727.657,1.58,259.25,3.5
2020-02-20,77.73008728027344,15.5600004196167,21727.657,1.58,259.25,3.5
2020-02-21,75.97066497802734,17.079999923706055,21727.657,1.58,259.25,3.5
2020-02-24,72.36200714111328,25.030000686645508,21727.657,1.58,259.25,3.5
2020-02-25,69.91098022460938,27.850000381469727,21727.657,1.58,259.25,3.5
2020-02-26,71.0199966430664,27.559999465942383,21727.657,1.58,259.25,3.5
2020-02-27,66.37757110595703,39.15999984741211,21727.657,1.58,259.25,3.5
2020-02-28,66.33872985839844,40.11000061035156,21727.657,1.58,259.25,3.5
2020-03-01,66.33872985839844,40.11000061035156,21727.657,0.65,258.076,4.4
2020-03-02,72.51490783691406,33.41999816894531,21727.657,0.65,258.076,4.4
2020-03-03,70.21189880371094,36.81999969482422,21727.657,0.65,258.076,4.4
2020-03-04,73.46864318847656,31.989999771118164,21727.657,0.65,258.076,4.4
2020-03-05,71.08553314208984,39.619998931884766,21727.657,0.65,258.076,4.4
2020-03-06,70.14152526855469,41.939998626708984,21727.657,0.65,258.076,4.4
2020-03-09,64.59387969970703,54.459999084472656,21727.657,0.65,258.076,4.4
2020-03-10,69.24603271484375,47.29999923706055,21727.657,0.65,258.076,4.4
2020-03-11,66.8410873413086,53.900001525878906,21727.657,0.65,258.076,4.4
2020-03-12,60.2402229309082,75.47000122070312,21727.657,0.65,258.076,4.4
2020-03-13,67.45748901367188,57.83000183105469,21727.657,0.65,258.076,4.4
2020-03-16,58.77928924560547,82.69000244140625,21727.657,0.65,258.076,4.4
2020-03-17,61.363826751708984,75.91000366210938,21727.657,0.65,258.076,4.4
2020-03-18,59.86163330078125,76.44999694824219,21727.657,0.65,258.076,4.4
2020-03-19,59.4029655456543,72.0,21727.657,0.65,258.076,4.4
2020-03-20,55.63174057006836,66.04000091552734,21727.657,0.65,258.076,4.4
2020-03-23,54.449886322021484,61.59000015258789,21727.657,0.65,258.076,4.4
2020-03-24,59.912601470947266,61.66999816894531,21727.657,0.65,258.076,4.4
2020-03-25,59.582557678222656,63.95000076293945,21727.657,0.65,258.076,4.4
2020-03-26,62.71795654296875,61.0,21727.657,0.65,258.076,4.4
2020-03-27,60.121299743652344,65.54000091552734,21727.657,0.65,258.076,4.4
2020-03-30,61.83705139160156,57.08000183105469,21727.657,0.65,258.076,4.4
2020-03-31,61.71084976196289,53.540000915527344,21727.657,0.65,258.076,4.4
2020-04-01,58.46380615234375,57.060001373291016,19935.444,0.05,256.032,14.8
2020-04-02,59.43937683105469,50.90999984741211,19935.444,0.05,256.032,14.8
2020-04-03,58.585140228271484,46.79999923706055,19935.444,0.05,256.032,14.8
2020-04-06,63.695960998535156,45.2400016784668,19935.444,0.05,256.032,14.8
2020-04-07,62.958221435546875,46.70000076293945,19935.444,0.05,256.032,14.8
2020-04-08,64.56961822509766,43.349998474121094,19935.444,0.05,256.032,14.8
2020-04-09,65.0355453491211,41.66999816894531,19935.444,0.05,256.032,14.8
2020-04-13,66.3120346069336,41.16999816894531,19935.444,0.05,256.032,14.8
2020-04-14,69.6609878540039,37.7599983215332,19935.444,0.05,256.032,14.8
2020-04-15,69.02518463134766,40.84000015258789,19935.444,0.05,256.032,14.8
2020-04-16,69.57364654541016,40.11000061035156,19935.444,0.05,256.032,14.8
2020-04-17,68.62962341308594,38.150001525878906,19935.444,0.05,256.032,14.8
2020-04-20,67.20511627197266,43.83000183105469,19935.444,0.05,256.032,14.8
2020-04-21,65.12776947021484,45.40999984741211,19935.444,0.05,256.032,14.8
2020-04-22,67.00367736816406,41.97999954223633,19935.444,0.05,256.032,14.8
2020-04-23,66.74401092529297,41.380001068115234,19935.444,0.05,256.032,14.8
2020-04-24,68.67088317871094,35.93000030517578,19935.444,0.05,256.032,14.8
2020-04-27,68.71942901611328,33.290000915527344,19935.444,0.05,256.032,14.8
2020-04-28,67.60551452636719,33.56999969482422,19935.444,0.05,256.032,14.8
2020-04-29,69.82601928710938,31.229999542236328,19935.444,0.05,256.032,14.8
2020-04-30,71.2990951538086,34.150001525878906,19935.444,0.05,256.032,14.8
2020-05-01,70.15121459960938,37.189998626708984,19935.444,0.05,255.802,13.2
2020-05-04,71.1437759399414,35.970001220703125,19935.444,0.05,255.802,13.2
2020-05-05,72.2115707397461,33.61000061035156,19935.444,0.05,255.802,13.2
2020-05-06,72.95660400390625,34.119998931884766,19935.444,0.05,255.802,13.2
2020-05-07,73.71131896972656,31.440000534057617,19935.444,0.05,255.802,13.2
2020-05-08,75.46578216552734,27.979999542236328,19935.444,0.05,255.802,13.2
2020-05-11,76.65325164794922,27.56999969482422,19935.444,0.05,255.802,13.2
2020-05-12,75.77725219726562,33.040000915527344,19935.444,0.05,255.802,13.2
2020-05-13,74.86229705810547,35.279998779296875,19935.444,0.05,255.802,13.2
2020-05-14,75.32220458984375,32.61000061035156,19935.444,0.05,255.802,13.2
2020-05-15,74.87690734863281,31.889999389648438,19935.444,0.05,255.802,13.2
2020-05-18,76.6410903930664,29.299999237060547,19935.444,0.05,255.802,13.2
2020-05-19,76.1982192993164,30.530000686645508,19935.444,0.05,255.802,13.2
2020-05-20,77.68014526367188,27.989999771118164,19935.444,0.05,255.802,13.2
2020-05-21,77.10099792480469,29.530000686645508,19935.444,0.05,255.802,13.2
2020-05-22,77.59739685058594,28.15999984741211,19935.444,0.05,255.802,13.2
2020-05-26,77.07178497314453,28.010000228881836,19935.444,0.05,255.802,13.2
2020-05-27,77.4076156616211,27.6200008392334,19935.444,0.05,255.802,13.2
2020-05-28,77.44169616699219,28.59000015258789,19935.444,0.05,255.802,13.2
2020-05-29,77.36624908447266,27.510000228881836,19935.444,0.05,255.802,13.2
2020-06-01,78.31766510009766,28.229999542236328,19935.444,0.08,257.042,11.0
2020-06-02,78.68026733398438,26.84000015258789,19935.444,0.08,257.042,11.0
2020-06-03,79.11338806152344,25.65999984741211,19935.444,0.08,257.042,11.0
2020-06-04,78.43206024169922,25.809999465942383,19935.444,0.08,257.042,11.0
2020-06-05,80.6658706665039,24.520000457763672,19935.444,0.08,257.042,11.0
2020-06-08,81.14281463623047,25.809999465942383,19935.444,0.08,257.042,11.0
2020-06-09,83.70513153076172,27.56999969482422,19935.444,0.08,257.042,11.0
2020-06-10,85.858642578125,27.56999969482422,19935.444,0.08,257.042,11.0
2020-06-11,81.73655700683594,40.790000915527344,19935.444,0.08,257.042,11.0
2020-06-12,82.44222259521484,36.09000015258789,19935.444,0.08,257.042,11.0
2020-06-15,83.46179962158203,34.400001525878906,19935.444,0.08,257.042,11.0
2020-06-16,85.67373657226562,33.66999816894531,19935.444,0.08,257.042,11.0
2020-06-17,85.55449676513672,33.470001220703125,19935.444,0.08,257.042,11.0
2020-06-18,85.58854675292969,32.939998626708984,19935.444,0.08,257.042,11.0
2020-06-19,85.09945678710938,35.119998931884766,19935.444,0.08,257.042,11.0
2020-06-22,87.32598114013672,31.770000457763672,19935.444,0.08,257.042,11.0
2020-06-23,89.18994140625,31.3700008392334,19935.444,0.08,257.042,11.0
2020-06-24,87.61555480957031,33.84000015258789,19935.444,0.08,257.042,11.0
2020-06-25,88.77869415283203,32.220001220703125,19935.444,0.08,257.042,11.0
2020-06-26,86.0509033203125,34.72999954223633,19935.444,0.08,257.042,11.0
2020-06-29,88.0340805053711,31.780000686645508,19935.444,0.08,257.042,11.0
2020-06-30,88.76895141601562,30.43000030517578,19935.444,0.08,257.042,11.0
2020-07-01,88.60105895996094,28.6200008392334,21684.551,0.09,258.352,10.2
2020-07-02,88.60105895996094,27.68000030517578,21684.551,0.09,258.352,10.2
2020-07-06,90.97114562988281,27.940000534057617,21684.551,0.09,258.352,10.2
2020-07-07,90.68888854980469,29.43000030517578,21684.551,0.09,258.352,10.2
2020-07-08,92.80103302001953,28.079999923706055,21684.551,0.09,258.352,10.2
2020-07-09,93.20010375976562,29.260000228881836,21684.551,0.09,258.352,10.2
2020-07-10,93.36312866210938,27.290000915527344,21684.551,0.09,258.352,10.2
2020-07-13,92.93243408203125,32.189998626708984,21684.551,0.09,258.352,10.2
2020-07-14,94.47032928466797,29.520000457763672,21684.551,0.09,258.352,10.2
2020-07-15,95.12002563476562,27.760000228881836,21684.551,0.09,258.352,10.2
2020-07-16,93.94956970214844,28.0,21684.551,0.09,258.352,10.2
2020-07-17,93.75977325439453,25.68000030517578,21684.551,0.09,258.352,10.2
2020-07-20,95.73564910888672,24.459999084472656,21684.551,0.09,258.352,10.2
2020-07-21,94.41435241699219,24.84000015258789,21684.551,0.09,258.352,10.2
2020-07-22,94.67957305908203,24.31999969482422,21684.551,0.09,258.352,10.2
2020-07-23,90.3700942993164,26.079999923706055,21684.551,0.09,258.352,10.2
2020-07-24,90.14622497558594,25.84000015258789,21684.551,0.09,258.352,10.2
2020-07-27,92.28273010253906,24.739999771118164,21684.551,0.09,258.352,10.2
2020-07-28,90.76675415039062,25.440000534057617,21684.551,0.09,258.352,10.2
2020-07-29,92.5066146850586,24.100000381469727,21684.551,0.09,258.352,10.2
2020-07-30,93.6259536743164,24.760000228881836,21684.551,0.09,258.352,10.2
2020-07-31,103.4275131225586,24.459999084472656,21684.551,0.09,258.352,10.2
2020-08-01,103.4275131225586,24.459999084472656,21684.551,0.1,259.316,8.4
2020-08-03,106.03363037109375,24.280000686645508,21684.551,0.1,259.316,8.4
2020-08-04,106.74175262451172,23.760000228881836,21684.551,0.1,259.316,8.4
2020-08-05,107.12866973876953,22.989999771118164,21684.551,0.1,259.316,8.4
2020-08-06,110.86630249023438,22.649999618530273,21684.551,0.1,259.316,8.4
2020-08-07,108.34564971923828,22.209999084472656,21684.551,0.1,259.316,8.4
2020-08-10,109.92045593261719,22.1299991607666,21684.551,0.1,259.316,8.4
2020-08-11,106.65142059326172,24.030000686645508,21684.551,0.1,259.316,8.4
2020-08-12,110.1958999633789,22.280000686645508,21684.551,0.1,259.316,8.4
2020-08-13,112.1461181640625,22.1299991607666,21684.551,0.1,259.316,8.4
2020-08-14,112.04615783691406,22.049999237060547,21684.551,0.1,259.316,8.4
2020-08-17,111.7536392211914,21.350000381469727,21684.551,0.1,259.316,8.4
2020-08-18,112.68484497070312,21.510000228881836,21684.551,0.1,259.316,8.4
2020-08-19,112.82621002197266,22.540000915527344,21684.551,0.1,259.316,8.4
2020-08-20,115.32980346679688,22.719999313354492,21684.551,0.1,259.316,8.4
2020-08-21,121.27304077148438,22.540000915527344,21684.551,0.1,259.316,8.4
2020-08-24,122.72348022460938,22.3700008392334,21684.551,0.1,259.316,8.4
2020-08-25,121.7166976928711,22.030000686645508,21684.551,0.1,259.316,8.4
2020-08-26,123.3719253540039,23.270000457763672,21684.551,0.1,259.316,8.4
2020-08-27,121.89710998535156,24.469999313354492,21684.551,0.1,259.316,8.4
2020-08-28,121.69964599609375,22.959999084472656,21684.551,0.1,259.316,8.4
2020-08-31,125.82673645019531,26.40999984741211,21684.551,0.1,259.316,8.4
2020-09-01,130.83872985839844,26.1200008392334,21684.551,0.09,259.997,7.8
2020-09-02,128.12796020507812,26.56999969482422,21684.551,0.09,259.997,7.8
2020-09-03,117.86994171142578,33.599998474121094,21684.551,0.09,259.997,7.8
2020-09-04,117.94793701171875,30.75,21684.551,0.09,259.997,7.8
2020-09-08,110.01065063476562,31.459999084472656,21684.551,0.09,259.997,7.8
2020-09-09,114.3985824584961,28.809999465942383,21684.551,0.09,259.997,7.8
2020-09-10,110.66395568847656,29.709999084472656,21684.551,0.09,259.997,7.8
2020-09-11,109.2110595703125,26.8700008392334,21684.551,0.09,259.997,7.8
2020-09-14,112.48738098144531,25.850000381469727,21684.551,0.09,259.997,7.8
2020-09-15,112.66291046142578,25.59000015258789,21684.551,0.09,259.997,7.8
2020-09-16,109.33782196044922,26.040000915527344,21684.551,0.09,259.997,7.8
2020-09-17,107.59239959716797,26.459999084472656,21684.551,0.09,259.997,7.8
2020-09-18,104.1795425415039,25.829999923706055,21684.551,0.09,259.997,7.8
2020-09-21,107.3388671875,27.780000686645508,21684.551,0.09,259.997,7.8
2020-09-22,109.0257568359375,26.860000610351562,21684.551,0.09,259.997,7.8
2020-09-23,104.45258331298828,28.579999923706055,21684.551,0.09,259.997,7.8
2020-09-24,105.52520751953125,28.510000228881836,21684.551,0.09,259.997,7.8
2020-09-25,109.48408508300781,26.3799991607666,21684.551,0.09,259.997,7.8
2020-09-28,112.09734344482422,26.190000534057617,21684.551,0.09,259.997,7.8
2020-09-29,111.24901580810547,26.270000457763672,21684.551,0.09,259.997,7.8
2020-09-30,112.92619323730469,26.3700008392334,21684.551,0.09,259.997,7.8
2020-10-01,113.88177490234375,26.700000762939453,22068.767,0.09,260.319,6.9
2020-10-02,110.20565032958984,27.6299991607666,22068.767,0.09,260.319,6.9
2020-10-05,113.59901428222656,27.959999084472656,22068.767,0.09,260.319,6.9
2020-10-06,110.3421859741211,29.479999542236328,22068.767,0.09,260.319,6.9
2020-10-07,112.21436309814453,28.059999465942383,22068.767,0.09,260.319,6.9
2020-10-08,112.10709381103516,26.360000610351562,22068.767,0.09,260.319,6.9
2020-10-09,114.05730438232422,25.0,22068.767,0.09,260.319,6.9
2020-10-12,121.30228424072266,25.06999969482422,22068.767,0.09,260.319,6.9
2020-10-13,118.08445739746094,26.06999969482422,22068.767,0.09,260.319,6.9
2020-10-14,118.1722183227539,26.399999618530273,22068.767,0.09,260.319,6.9
2020-10-15,117.70414733886719,26.969999313354492,22068.767,0.09,260.319,6.9
2020-10-16,116.0562515258789,27.40999984741211,22068.767,0.09,260.319,6.9
2020-10-19,113.0919418334961,29.18000030517578,22068.767,0.09,260.319,6.9
2020-10-20,114.58384704589844,29.350000381469727,22068.767,0.09,260.319,6.9
2020-10-21,113.95978546142578,28.649999618530273,22068.767,0.09,260.319,6.9
2020-10-22,112.86767578125,28.110000610351562,22068.767,0.09,260.319,6.9
2020-10-23,112.17536163330078,27.549999237060547,22068.767,0.09,260.319,6.9
2020-10-26,112.18511199951172,32.459999084472656,22068.767,0.09,260.319,6.9
2020-10-27,113.6965103149414,33.349998474121094,22068.767,0.09,260.319,6.9
2020-10-28,108.43099975585938,40.279998779296875,22068.767,0.09,260.319,6.9
2020-10-29,112.44839477539062,37.59000015258789,22068.767,0.09,260.319,6.9
2020-10-30,106.14926147460938,38.02000045776367,22068.767,0.09,260.319,6.9
2020-11-01,106.14926147460938,38.02000045776367,22068.767,0.09,260.911,6.7
2020-11-02,106.06149291992188,37.130001068115234,22068.767,0.09,260.911,6.7
2020-11-03,107.6899185180664,35.54999923706055,22068.767,0.09,260.911,6.7
2020-11-04,112.08759307861328,29.56999969482422,22068.767,0.09,260.911,6.7
2020-11-05,116.06599426269531,27.579999923706055,22068.767,0.09,260.911,6.7
2020-11-06,115.93414306640625,24.860000610351562,22068.767,0.09,260.911,6.7
2020-11-09,113.61917877197266,25.75,22068.767,0.09,260.911,6.7
2020-11-10,113.27729797363281,24.799999237060547,22068.767,0.09,260.911,6.7
2020-11-11,116.71556854248047,23.450000762939453,22068.767,0.09,260.911,6.7
2020-11-12,116.44207000732422,25.350000381469727,22068.767,0.09,260.911,6.7
2020-11-13,116.49091339111328,23.100000381469727,22068.767,0.09,260.911,6.7
2020-11-16,117.50678253173828,22.450000762939453,22068.767,0.09,260.911,6.7
2020-11-17,116.61788940429688,22.709999084472656,22068.767,0.09,260.911,6.7
2020-11-18,115.28946685791016,23.84000015258789,22068.767,0.09,260.911,6.7
2020-11-19,115.88530731201172,23.110000610351562,22068.767,0.09,260.911,6.7
2020-11-20,114.61548614501953,23.700000762939453,22068.767,0.09,260.911,6.7
2020-11-23,111.20651245117188,22.65999984741211,22068.767,0.09,260.911,6.7
2020-11-24,112.4958724975586,21.639999389648438,22068.767,0.09,260.911,6.7
2020-11-25,113.33588409423828,21.25,22068.767,0.09,260.911,6.7
2020-11-27,113.88289642333984,20.84000015258789,22068.767,0.09,260.911,6.7
2020-11-30,116.28577423095703,20.56999969482422,22068.767,0.09,260.911,6.7
2020-12-01,119.87055969238281,20.770000457763672,22068.767,0.09,262.045,6.7
2020-12-02,120.22220611572266,21.170000076293945,22068.767,0.09,262.045,6.7
2020-12-03,120.08545684814453,21.280000686645508,22068.767,0.09,262.045,6.7
2020-12-04,119.4114761352539,20.790000915527344,22068.767,0.09,262.045,6.7
2020-12-07,120.87667083740234,21.299999237060547,22068.767,0.09,262.045,6.7
2020-12-08,121.49201965332031,20.68000030517578,22068.767,0.09,262.045,6.7
2020-12-09,118.95238494873047,22.270000457763672,22068.767,0.09,262.045,6.7
2020-12-10,120.37849426269531,22.520000457763672,22068.767,0.09,262.045,6.7
2020-12-11,119.56775665283203,23.309999465942383,22068.767,0.09,262.045,6.7
2020-12-14,118.95238494873047,24.719999313354492,22068.767,0.09,262.045,6.7
2020-12-15,124.91075134277344,22.889999389648438,22068.767,0.09,262.045,6.7
2020-12-16,124.84239959716797,22.5,22068.767,0.09,262.045,6.7
2020-12-17,125.71171569824219,21.93000030517578,22068.767,0.09,262.045,6.7
2020-12-18,123.7190933227539,21.56999969482422,22068.767,0.09,262.045,6.7
2020-12-21,125.25262451171875,25.15999984741211,22068.767,0.09,262.045,6.7
2020-12-22,128.81787109375,24.229999542236328,22068.767,0.09,262.045,6.7
2020-12-23,127.91926574707031,23.309999465942383,22068.767,0.09,262.045,6.7
2020-12-24,128.9058380126953,21.530000686645508,22068.767,0.09,262.045,6.7
2020-12-28,133.51625061035156,21.700000762939453,22068.767,0.09,262.045,6.7
2020-12-29,131.7384796142578,23.079999923706055,22068.767,0.09,262.045,6.7
2020-12-30,130.6151885986328,22.770000457763672,22068.767,0.09,262.045,6.7
2020-12-31,129.60906982421875,22.75,22068.767,0.09,262.045,6.7
2021-01-01,129.60906982421875,22.75,22656.793,0.09,262.639,6.4
2021-01-04,126.40523529052734,26.969999313354492,22656.793,0.09,262.639,6.4
2021-01-05,127.96808624267578,25.34000015258789,22656.793,0.09,262.639,6.4
2021-01-06,123.66049194335938,25.06999969482422,22656.793,0.09,262.639,6.4
2021-01-07,127.88018035888672,22.3700008392334,22656.793,0.09,262.639,6.4
2021-01-08,128.9839324951172,21.559999465942383,22656.793,0.09,262.639,6.4
2021-01-11,125.9852066040039,24.079999923706055,22656.793,0.09,262.639,6.4
2021-01-12,125.80938720703125,23.329999923706055,22656.793,0.09,262.639,6.4
2021-01-13,127.85086822509766,22.209999084472656,22656.793,0.09,262.639,6.4
2021-01-14,125.91686248779297,23.25,22656.793,0.09,262.639,6.4
2021-01-15,124.18793487548828,24.34000015258789,22656.793,0.09,262.639,6.4
2021-01-19,124.86192321777344,23.239999771118164,22656.793,0.09,262.639,6.4
2021-01-20,128.96437072753906,21.579999923706055,22656.793,0.09,262.639,6.4
2021-01-21,133.6920166015625,21.31999969482422,22656.793,0.09,262.639,6.4
2021-01-22,135.84092712402344,21.90999984741211,22656.793,0.09,262.639,6.4
2021-01-25,139.60157775878906,23.190000534057617,22656.793,0.09,262.639,6.4
2021-01-26,139.8359832763672,23.020000457763672,22656.793,0.09,262.639,6.4
2021-01-27,138.76148986816406,37.209999084472656,22656.793,0.09,262.639,6.4
2021-01-28,133.9069061279297,30.209999084472656,22656.793,0.09,262.639,6.4
2021-01-29,128.89599609375,33.09000015258789,22656.793,0.09,262.639,6.4
2021-02-01,131.025390625,30.239999771118164,22656.793,0.08,263.573,6.2
2021-02-02,131.8556671142578,25.559999465942383,22656.793,0.08,263.573,6.2
2021-02-03,130.83006286621094,22.90999984741211,22656.793,0.08,263.573,6.2
2021-02-04,134.19993591308594,21.770000457763672,22656.793,0.08,263.573,6.2
2021-02-05,133.78419494628906,20.8700008392334,22656.793,0.08,263.573,6.2
2021-02-08,133.93093872070312,21.239999771118164,22656.793,0.08,263.573,6.2
2021-02-09,133.050537109375,21.6299991607666,22656.793,0.08,263.573,6.2
2021-02-10,132.4439697265625,21.989999771118164,22656.793,0.08,263.573,6.2
2021-02-11,132.18966674804688,21.25,22656.793,0.08,263.573,6.2
2021-02-12,132.42442321777344,19.969999313354492,22656.793,0.08,263.573,6.2
2021-02-16,130.2918701171875,21.459999084472656,22656.793,0.08,263.573,6.2
2021-02-17,127.99303436279297,21.5,22656.793,0.08,263.573,6.2
2021-02-18,126.88761138916016,22.489999771118164,22656.793,0.08,263.573,6.2
2021-02-19,127.04410552978516,22.049999237060547,22656.793,0.08,263.573,6.2
2021-02-22,123.25831604003906,23.450000762939453,22656.793,0.08,263.573,6.2
2021-02-23,123.12137603759766,23.110000610351562,22656.793,0.08,263.573,6.2
2021-02-24,122.6224594116211,21.34000015258789,22656.793,0.08,263.573,6.2
2021-02-25,118.35731506347656,28.889999389648438,22656.793,0.08,263.573,6.2
2021-02-26,118.62147521972656,27.950000762939453,22656.793,0.08,263.573,6.2
2021-03-01,125.0093765258789,23.350000381469727,22656.793,0.07,264.847,6.1
2021-03-02,122.3974609375,24.100000381469727,22656.793,0.07,264.847,6.1
2021-03-03,119.40406799316406,26.670000076293945,22656.793,0.07,264.847,6.1
2021-03-04,117.51603698730469,28.56999969482422,22656.793,0.07,264.847,6.1
2021-03-05,118.77798461914062,24.65999984741211,22656.793,0.07,264.847,6.1
2021-03-08,113.82808685302734,25.469999313354492,22656.793,0.07,264.847,6.1
2021-03-09,118.45513916015625,24.030000686645508,22656.793,0.07,264.847,6.1
2021-03-10,117.36930847167969,22.559999465942383,22656.793,0.07,264.847,6.1
2021-03-11,119.30622863769531,21.90999984741211,22656.793,0.07,264.847,6.1
2021-03-12,118.3964614868164,20.690000534057617,22656.793,0.07,264.847,6.1
2021-03-15,121.29205322265625,20.030000686645508,22656.793,0.07,264.847,6.1
2021-03-16,122.83769226074219,19.790000915527344,22656.793,0.07,264.847,6.1
2021-03-17,122.0453109741211,19.229999542236328,22656.793,0.07,264.847,6.1
2021-03-18,117.90734100341797,21.579999923706055,22656.793,0.07,264.847,6.1
2021-03-19,117.37908172607422,20.950000762939453,22656.793,0.07,264.847,6.1
2021-03-22,120.70511627197266,18.8799991607666,22656.793,0.07,264.847,6.1
2021-03-23,119.87361145019531,20.299999237060547,22656.793,0.07,264.847,6.1
2021-03-24,117.4769058227539,21.200000762939453,22656.793,0.07,264.847,6.1
2021-03-25,117.96603393554688,19.809999465942383,22656.793,0.07,264.847,6.1
2021-03-26,118.57254791259766,18.860000610351562,22656.793,0.07,264.847,6.1
2021-03-29,118.74864196777344,20.739999771118164,22656.793,0.07,264.847,6.1
2021-03-30,117.29105377197266,19.610000610351562,22656.793,0.07,264.847,6.1
2021-03-31,119.49209594726562,19.399999618530273,22656.793,0.07,264.847,6.1
2021-04-01,120.32360076904297,17.329999923706055,23368.861,0.07,266.625,6.1
2021-04-05,123.16049194335938,17.90999984741211,23368.861,0.07,266.625,6.1
2021-04-06,123.46373748779297,18.1200008392334,23368.861,0.07,266.625,6.1
2021-04-07,125.11699676513672,17.15999984741211,23368.861,0.07,266.625,6.1
2021-04-08,127.52345275878906,16.950000762939453,23368.861,0.07,266.625,6.1
2021-04-09,130.10601806640625,16.690000534057617,23368.861,0.07,266.625,6.1
2021-04-12,128.3843536376953,16.90999984741211,23368.861,0.07,266.625,6.1
2021-04-13,131.5048828125,16.649999618530273,23368.861,0.07,266.625,6.1
2021-04-14,129.1571044921875,16.989999771118164,23368.861,0.07,266.625,6.1
2021-04-15,131.5733642578125,16.56999969482422,23368.861,0.07,266.625,6.1
2021-04-16,131.2407989501953,16.25,23368.861,0.07,266.625,6.1
2021-04-19,131.90597534179688,17.290000915527344,23368.861,0.07,266.625,6.1
2021-04-20,130.21360778808594,18.68000030517578,23368.861,0.07,266.625,6.1
2021-04-21,130.59510803222656,17.5,23368.861,0.07,266.625,6.1
2021-04-22,129.06910705566406,18.709999084472656,23368.861,0.07,266.625,6.1
2021-04-23,131.3972930908203,17.329999923706055,23368.861,0.07,266.625,6.1
2021-04-26,131.78855895996094,17.639999389648438,23368.861,0.07,266.625,6.1
2021-04-27,131.46575927734375,17.559999465942383,23368.861,0.07,266.625,6.1
2021-04-28,130.67335510253906,17.280000686645508,23368.861,0.07,266.625,6.1
2021-04-29,130.57553100585938,17.610000610351562,23368.861,0.07,266.625,6.1
2021-04-30,128.59950256347656,18.610000610351562,23368.861,0.07,266.625,6.1
2021-05-01,128.59950256347656,18.610000610351562,23368.861,0.06,268.404,5.8
2021-05-03,129.65597534179688,18.309999465942383,23368.861,0.06,268.404,5.8
2021-05-04,125.06806945800781,19.479999542236328,23368.861,0.06,268.404,5.8
2021-05-05,125.31262969970703,19.149999618530273,23368.861,0.06,268.404,5.8
2021-05-06,126.91693115234375,18.389999389648438,23368.861,0.06,268.404,5.8
2021-05-07,127.59307098388672,16.690000534057617,23368.861,0.06,268.404,5.8
2021-05-10,124.30059051513672,19.65999984741211,23368.861,0.06,268.404,5.8
2021-05-11,123.37950897216797,21.84000015258789,23368.861,0.06,268.404,5.8
2021-05-12,120.30259704589844,27.59000015258789,23368.861,0.06,268.404,5.8
2021-05-13,122.45838928222656,23.1299991607666,23368.861,0.06,268.404,5.8
2021-05-14,124.88856506347656,18.809999465942383,23368.861,0.06,268.404,5.8
2021-05-17,123.73225402832031,19.719999313354492,23368.861,0.06,268.404,5.8
2021-05-18,122.3407974243164,21.34000015258789,23368.861,0.06,268.404,5.8
2021-05-19,122.18402099609375,22.18000030517578,23368.861,0.06,268.404,5.8
2021-05-20,124.75137329101562,20.670000076293945,23368.861,0.06,268.404,5.8
2021-05-21,122.90914154052734,20.149999618530273,23368.861,0.06,268.404,5.8
2021-05-24,124.54557800292969,18.399999618530273,23368.861,0.06,268.404,5.8
2021-05-25,124.34959411621094,18.84000015258789,23368.861,0.06,268.404,5.8
2021-05-26,124.30059051513672,17.360000610351562,23368.861,0.06,268.404,5.8
2021-05-27,122.76215362548828,16.739999771118164,23368.861,0.06,268.404,5.8
2021-05-28,122.10562896728516,16.760000228881836,23368.861,0.06,268.404,5.8
2021-06-01,121.78225708007812,17.899999618530273,23368.861,0.08,270.71,5.9
2021-06-02,122.54658508300781,17.479999542236328,23368.861,0.08,270.71,5.9
2021-06-03,121.05713653564453,18.040000915527344,23368.861,0.08,270.71,5.9
2021-06-04,123.35990905761719,16.420000076293945,23368.861,0.08,270.71,5.9
2021-06-07,123.36968994140625,16.420000076293945,23368.861,0.08,270.71,5.9
2021-06-08,124.19281005859375,17.06999969482422,23368.861,0.08,270.71,5.9
2021-06-09,124.5749740600586,17.889999389648438,23368.861,0.08,270.71,5.9
2021-06-10,123.57548522949219,16.100000381469727,23368.861,0.08,270.71,5.9
2021-06-11,124.79054260253906,15.649999618530273,23368.861,0.08,270.71,5.9
2021-06-14,127.85763549804688,16.389999389648438,23368.861,0.08,270.71,5.9
2021-06-15,127.0345458984375,17.020000457763672,23368.861,0.08,270.71,5.9
2021-06-16,127.53426361083984,18.149999618530273,23368.861,0.08,270.71,5.9
2021-06-17,129.14129638671875,17.75,23368.861,0.08,270.71,5.9
2021-06-18,127.83805084228516,20.700000762939453,23368.861,0.08,270.71,5.9
2021-06-21,129.6410369873047,17.889999389648438,23368.861,0.08,270.71,5.9
2021-06-22,131.2873077392578,16.65999984741211,23368.861,0.08,270.71,5.9
2021-06-23,131.01296997070312,16.31999969482422,23368.861,0.08,270.71,5.9
2021-06-24,130.72872924804688,15.970000267028809,23368.861,0.08,270.71,5.9
2021-06-25,130.43478393554688,15.619999885559082,23368.861,0.08,270.71,5.9
2021-06-28,132.0712432861328,15.760000228881836,23368.861,0.08,270.71,5.9
2021-06-29,133.59010314941406,16.020000457763672,23368.861,0.08,270.71,5.9
2021-06-30,134.20741271972656,15.829999923706055,23368.861,0.08,270.71,5.9
2021-07-01,134.51121520996094,15.479999542236328,23921.991,0.1,271.965,5.4
2021-07-02,137.1471405029297,15.069999694824219,23921.991,0.1,271.965,5.4
2021-07-06,139.1657257080078,16.440000534057617,23921.991,0.1,271.965,5.4
2021-07-07,141.66448974609375,16.200000762939453,23921.991,0.1,271.965,5.4
2021-07-08,140.36123657226562,19.0,23921.991,0.1,271.965,5.4
2021-07-09,142.19363403320312,16.18000030517578,23921.991,0.1,271.965,5.4
2021-07-12,141.59585571289062,16.170000076293945,23921.991,0.1,271.965,5.4
2021-07-13,142.71298217773438,17.1200008392334,23921.991,0.1,271.965,5.4
2021-07-14,146.15243530273438,16.329999923706055,23921.991,0.1,271.965,5.4
2021-07-15,145.49588012695312,17.010000228881836,23921.991,0.1,271.965,5.4
2021-07-16,143.44789123535156,18.450000762939453,23921.991,0.1,271.965,5.4
2021-07-19,139.5870819091797,22.5,23921.991,0.1,271.965,5.4
2021-07-20,143.2126922607422,19.729999542236328,23921.991,0.1,271.965,5.4
2021-07-21,142.47779846191406,17.90999984741211,23921.991,0.1,271.965,5.4
2021-07-22,143.8496551513672,17.690000534057617,23921.991,0.1,271.965,5.4
2021-07-23,145.5742950439453,17.200000762939453,23921.991,0.1,271.965,5.4
2021-07-26,145.99563598632812,17.579999923706055,23921.991,0.1,271.965,5.4
2021-07-27,143.82028198242188,19.360000610351562,23921.991,0.1,271.965,5.4
2021-07-28,142.06622314453125,18.309999465942383,23921.991,0.1,271.965,5.4
2021-07-29,142.71298217773438,17.700000762939453,23921.991,0.1,271.965,5.4
2021-07-30,142.92857360839844,18.239999771118164,23921.991,0.1,271.965,5.4
2021-08-01,142.92857360839844,18.239999771118164,23921.991,0.09,272.752,5.1
2021-08-02,142.59539794921875,19.459999084472656,23921.991,0.09,272.752,5.1
2021-08-03,144.39842224121094,18.040000915527344,23921.991,0.09,272.752,5.1
2021-08-04,143.9966583251953,17.969999313354492,23921.991,0.09,272.752,5.1
2021-08-05,144.10443115234375,17.280000686645508,23921.991,0.09,272.752,5.1
2021-08-06,143.41749572753906,16.149999618530273,23921.991,0.09,272.752,5.1
2021-08-09,143.368408203125,16.719999313354492,23921.991,0.09,272.752,5.1
2021-08-10,142.88755798339844,16.790000915527344,23921.991,0.09,272.752,5.1
2021-08-11,143.1427001953125,16.170000076293945,23921.991,0.09,272.752,5.1
2021-08-12,146.1162567138672,15.59000015258789,23921.991,0.09,272.752,5.1
2021-08-13,146.32232666015625,15.449999809265137,23921.991,0.09,272.752,5.1
2021-08-16,148.3046875,16.1200008392334,23921.991,0.09,272.752,5.1
2021-08-17,147.3920440673828,17.90999984741211,23921.991,0.09,272.752,5.1
2021-08-18,143.63339233398438,21.56999969482422,23921.991,0.09,272.752,5.1
2021-08-19,143.96707153320312,21.670000076293945,23921.991,0.09,272.752,5.1
2021-08-20,145.4292755126953,18.559999465942383,23921.991,0.09,272.752,5.1
2021-08-23,146.92095947265625,17.149999618530273,23921.991,0.09,272.752,5.1
2021-08-24,146.83262634277344,17.219999313354492,23921.991,0.09,272.752,5.1
2021-08-25,145.59613037109375,16.790000915527344,23921.991,0.09,272.752,5.1
2021-08-26,144.79135131835938,18.84000015258789,23921.991,0.09,272.752,5.1
2021-08-27,145.83164978027344,16.389999389648438,23921.991,0.09,272.752,5.1
2021-08-30,150.26742553710938,16.190000534057617,23921.991,0.09,272.752,5.1
2021-08-31,149.00146484375,16.479999542236328,23921.991,0.09,272.752,5.1
2021-09-01,149.66879272460938,16.110000610351562,23921.991,0.08,273.942,4.7
2021-09-02,150.7875518798828,16.40999984741211,23921.991,0.08,273.942,4.7
2021-09-03,151.4254913330078,16.40999984741211,23921.991,0.08,273.942,4.7
2021-09-07,153.7709503173828,18.139999389648438,23921.991,0.08,273.942,4.7
2021-09-08,152.2203826904297,17.959999084472656,23921.991,0.08,273.942,4.7
2021-09-09,151.19973754882812,18.799999237060547,23921.991,0.08,273.942,4.7
2021-09-10,146.19476318359375,20.950000762939453,23921.991,0.08,273.942,4.7
2021-09-13,146.76397705078125,19.3700008392334,23921.991,0.08,273.942,4.7
2021-09-14,145.3605499267578,19.459999084472656,23921.991,0.08,273.942,4.7
2021-09-15,146.25363159179688,18.18000030517578,23921.991,0.08,273.942,4.7
2021-09-16,146.01812744140625,18.690000534057617,23921.991,0.08,273.942,4.7
2021-09-17,143.3389434814453,20.809999465942383,23921.991,0.08,273.942,4.7
2021-09-20,140.27708435058594,25.709999084472656,23921.991,0.08,273.942,4.7
2021-09-21,140.75794982910156,24.360000610351562,23921.991,0.08,273.942,4.7
2021-09-22,143.13291931152344,20.8700008392334,23921.991,0.08,273.942,4.7
2021-09-23,144.09463500976562,18.6299991607666,23921.991,0.08,273.942,4.7
2021-09-24,144.1829376220703,17.75,23921.991,0.08,273.942,4.7
2021-09-27,142.6618194580078,18.760000228881836,23921.991,0.08,273.942,4.7
2021-09-28,139.26629638671875,23.25,23921.991,0.08,273.942,4.7
2021-09-29,140.1691436767578,22.559999465942383,23921.991,0.08,273.942,4.7
2021-09-30,138.86392211914062,23.139999389648438,23921.991,0.08,273.942,4.7
2021-10-01,139.9925079345703,21.100000381469727,24777.038,0.08,276.528,4.5
2021-10-04,136.54791259765625,22.959999084472656,24777.038,0.08,276.528,4.5
2021-10-05,138.48118591308594,21.299999237060547,24777.038,0.08,276.528,4.5
2021-10-06,139.35459899902344,21.0,24777.038,0.08,276.528,4.5
2021-10-07,140.6205596923828,19.540000915527344,24777.038,0.08,276.528,4.5
2021-10-08,140.2378387451172,18.770000457763672,24777.038,0.08,276.528,4.5
2021-10-11,140.14950561523438,20.0,24777.038,0.08,276.528,4.5
2021-10-12,138.8737335205078,19.850000381469727,24777.038,0.08,276.528,4.5
2021-10-13,138.284912109375,18.639999389648438,24777.038,0.08,276.528,4.5
2021-10-14,141.08180236816406,16.860000610351562,24777.038,0.08,276.528,4.5
2021-10-15,142.1416778564453,16.299999237060547,24777.038,0.08,276.528,4.5
2021-10-18,143.81983947753906,16.309999465942383,24777.038,0.08,276.528,4.5
2021-10-19,145.98866271972656,15.699999809265137,24777.038,0.08,276.528,4.5
2021-10-20,146.47935485839844,15.489999771118164,24777.038,0.08,276.528,4.5
2021-10-21,146.69525146484375,15.010000228881836,24777.038,0.08,276.528,4.5
2021-10-22,145.91998291015625,15.430000305175781,24777.038,0.08,276.528,4.5
2021-10-25,145.87094116210938,15.239999771118164,24777.038,0.08,276.528,4.5
2021-10-26,146.5382537841797,15.979999542236328,24777.038,0.08,276.528,4.5
2021-10-27,146.07699584960938,16.979999542236328,24777.038,0.08,276.528,4.5
2021-10-28,149.7277069091797,16.530000686645508,24777.038,0.08,276.528,4.5
2021-10-29,147.00927734375,16.260000228881836,24777.038,0.08,276.528,4.5
2021-11-01,146.18495178222656,16.40999984741211,24777.038,0.08,278.824,4.2
2021-11-02,147.22520446777344,16.030000686645508,24777.038,0.08,278.824,4.2
2021-11-03,148.66778564453125,15.100000381469727,24777.038,0.08,278.824,4.2
2021-11-04,148.14768981933594,15.4399995803833,24777.038,0.08,278.824,4.2
2021-11-05,148.6783905029297,16.479999542236328,24777.038,0.08,278.824,4.2
2021-11-08,147.85284423828125,17.219999313354492,24777.038,0.08,278.824,4.2
2021-11-09,148.21646118164062,17.780000686645508,24777.038,0.08,278.824,4.2
2021-11-10,145.3761444091797,18.729999542236328,24777.038,0.08,278.824,4.2
2021-11-11,145.32704162597656,17.65999984741211,24777.038,0.08,278.824,4.2
2021-11-12,147.41058349609375,16.290000915527344,24777.038,0.08,278.824,4.2
2021-11-15,147.42041015625,16.489999771118164,24777.038,0.08,278.824,4.2
2021-11-16,148.40318298339844,16.3700008392334,24777.038,0.08,278.824,4.2
2021-11-17,150.85040283203125,17.110000610351562,24777.038,0.08,278.824,4.2
2021-11-18,155.15504455566406,17.59000015258789,24777.038,0.08,278.824,4.2
2021-11-19,157.78897094726562,17.90999984741211,24777.038,0.08,278.824,4.2
2021-11-22,158.25091552734375,19.170000076293945,24777.038,0.08,278.824,4.2
2021-11-23,158.63417053222656,19.3799991607666,24777.038,0.08,278.824,4.2
2021-11-24,159.15509033203125,18.579999923706055,24777.038,0.08,278.824,4.2
2021-11-26,154.11329650878906,28.6200008392334,24777.038,0.08,278.824,4.2
2021-11-29,157.48431396484375,22.959999084472656,24777.038,0.08,278.824,4.2
2021-11-30,162.457275390625,27.190000534057617,24777.038,0.08,278.824,4.2
2021-12-01,161.93638610839844,31.1200008392334,24777.038,0.08,280.806,3.9
2021-12-02,160.94378662109375,27.950000762939453,24777.038,0.08,280.806,3.9
2021-12-03,159.05679321289062,30.670000076293945,24777.038,0.08,280.806,3.9
2021-12-06,162.4769287109375,27.18000030517578,24777.038,0.08,280.806,3.9
2021-12-07,168.2361602783203,21.889999389648438,24777.038,0.08,280.806,3.9
2021-12-08,172.06907653808594,19.899999618530273,24777.038,0.08,280.806,3.9
2021-12-09,171.55801391601562,21.579999923706055,24777.038,0.08,280.806,3.9
2021-12-10,176.3639373779297,18.690000534057617,24777.038,0.08,280.806,3.9
2021-12-13,172.71775817871094,20.309999465942383,24777.038,0.08,280.806,3.9
2021-12-14,171.33200073242188,21.889999389648438,24777.038,0.08,280.806,3.9
2021-12-15,176.216552734375,19.290000915527344,24777.038,0.08,280.806,3.9
2021-12-16,169.29757690429688,20.56999969482422,24777.038,0.08,280.806,3.9
2021-12-17,168.1968536376953,21.56999969482422,24777.038,0.08,280.806,3.9
2021-12-20,166.83074951171875,22.8700008392334,24777.038,0.08,280.806,3.9
2021-12-21,170.01504516601562,21.010000228881836,24777.038,0.08,280.806,3.9
2021-12-22,172.61949157714844,18.6299991607666,24777.038,0.08,280.806,3.9
2021-12-23,173.24844360351562,17.959999084472656,24777.038,0.08,280.806,3.9
2021-12-27,177.22879028320312,17.68000030517578,24777.038,0.08,280.806,3.9
2021-12-28,176.20669555664062,17.540000915527344,24777.038,0.08,280.806,3.9
2021-12-29,176.29515075683594,16.950000762939453,24777.038,0.08,280.806,3.9
2021-12-30,175.13543701171875,17.329999923706055,24777.038,0.08,280.806,3.9
2021-12-31,174.5162811279297,17.219999313354492,24777.038,0.08,280.806,3.9
2022-01-01,174.5162811279297,17.219999313354492,25215.491,0.08,282.542,4.0
2022-01-03,178.87991333007812,16.600000381469727,25215.491,0.08,282.542,4.0
2022-01-04,176.60964965820312,16.90999984741211,25215.491,0.08,282.542,4.0
2022-01-05,171.91184997558594,19.729999542236328,25215.491,0.08,282.542,4.0
2022-01-06,169.04208374023438,19.610000610351562,25215.491,0.08,282.542,4.0
2022-01-07,169.20913696289062,18.760000228881836,25215.491,0.08,282.542,4.0
2022-01-10,169.2288055419922,19.399999618530273,25215.491,0.08,282.542,4.0
2022-01-11,172.06907653808594,18.40999984741211,25215.491,0.08,282.542,4.0
2022-01-12,172.5113525390625,17.6200008392334,25215.491,0.08,282.542,4.0
2022-01-13,169.2288055419922,20.309999465942383,25215.491,0.08,282.542,4.0
2022-01-14,170.0936737060547,19.190000534057617,25215.491,0.08,282.542,4.0
2022-01-18,166.87991333007812,22.790000915527344,25215.491,0.08,282.542,4.0
2022-01-19,163.37130737304688,23.850000381469727,25215.491,0.08,282.542,4.0
2022-01-20,161.68087768554688,25.59000015258789,25215.491,0.08,282.542,4.0
2022-01-21,159.6169891357422,28.850000381469727,25215.491,0.08,282.542,4.0
2022-01-24,158.84056091308594,29.899999618530273,25215.491,0.08,282.542,4.0
2022-01-25,157.03219604492188,31.15999984741211,25215.491,0.08,282.542,4.0
2022-01-26,156.9437255859375,31.959999084472656,25215.491,0.08,282.542,4.0
2022-01-27,156.48184204101562,30.489999771118164,25215.491,0.08,282.542,4.0
2022-01-28,167.40077209472656,27.65999984741211,25215.491,0.08,282.542,4.0
2022-01-31,171.77427673339844,24.829999923706055,25215.491,0.08,282.542,4.0
2022-02-01,171.607177734375,21.959999084472656,25215.491,0.08,284.525,3.8
2022-02-02,172.81600952148438,22.09000015258789,25215.491,0.08,284.525,3.8
2022-02-03,169.9265899658203,24.350000381469727,25215.491,0.08,284.525,3.8
2022-02-04,169.64122009277344,23.219999313354492,25215.491,0.08,284.525,3.8
2022-02-07,168.9228515625,22.860000610351562,25215.491,0.08,284.525,3.8
2022-02-08,172.04229736328125,21.440000534057617,25215.491,0.08,284.525,3.8
2022-02-09,173.46917724609375,19.959999084472656,25215.491,0.08,284.525,3.8
2022-02-10,169.37550354003906,23.90999984741211,25215.491,0.08,284.525,3.8
2022-02-11,165.95101928710938,27.360000610351562,25215.491,0.08,284.525,3.8
2022-02-14,166.18722534179688,28.329999923706055,25215.491,0.08,284.525,3.8
2022-02-15,170.03485107421875,25.700000762939453,25215.491,0.08,284.525,3.8
2022-02-16,169.79869079589844,24.290000915527344,25215.491,0.08,284.525,3.8
2022-02-17,166.18722534179688,28.110000610351562,25215.491,0.08,284.525,3.8
2022-02-18,164.6323699951172,27.75,25215.491,0.08,284.525,3.8
2022-02-22,161.6998748779297,28.809999465942383,25215.491,0.08,284.525,3.8
2022-02-23,157.51766967773438,31.020000457763672,25215.491,0.08,284.525,3.8
2022-02-24,160.14511108398438,30.31999969482422,25215.491,0.08,284.525,3.8
2022-02-25,162.22145080566406,27.59000015258789,25215.491,0.08,284.525,3.8
2022-02-28,162.48712158203125,30.149999618530273,25215.491,0.08,284.525,3.8
2022-03-01,160.5977325439453,33.31999969482422,25215.491,0.2,287.467,3.7
2022-03-02,163.9041748046875,30.739999771118164,25215.491,0.2,287.467,3.7
2022-03-03,163.5794677734375,30.479999542236328,25215.491,0.2,287.467,3.7
2022-03-04,160.56822204589844,31.979999542236328,25215.491,0.2,287.467,3.7
2022-03-07,156.75994873046875,36.45000076293945,25215.491,0.2,287.467,3.7
2022-03-08,154.92959594726562,35.130001068115234,25215.491,0.2,287.467,3.7
2022-03-09,160.3517303466797,32.45000076293945,25215.491,0.2,287.467,3.7
2022-03-10,155.9923858642578,30.229999542236328,25215.491,0.2,287.467,3.7
2022-03-11,152.2628173828125,30.75,25215.491,0.2,287.467,3.7
2022-03-14,148.2183380126953,31.770000457763672,25215.491,0.2,287.467,3.7
2022-03-15,152.61705017089844,29.829999923706055,25215.491,0.2,287.467,3.7
2022-03-16,157.0452880859375,26.670000076293945,25215.491,0.2,287.467,3.7
2022-03-17,158.05889892578125,25.670000076293945,25215.491,0.2,287.467,3.7
2022-03-18,161.36534118652344,23.8700008392334,25215.491,0.2,287.467,3.7
2022-03-21,162.74298095703125,23.530000686645508,25215.491,0.2,287.467,3.7
2022-03-22,166.1281280517578,22.940000534057617,25215.491,0.2,287.467,3.7
2022-03-23,167.4959716796875,23.56999969482422,25215.491,0.2,287.467,3.7
2022-03-24,171.29446411132812,21.670000076293945,25215.491,0.2,287.467,3.7
2022-03-25,171.93405151367188,20.809999465942383,25215.491,0.2,287.467,3.7
2022-03-28,172.80006408691406,19.6299991607666,25215.491,0.2,287.467,3.7
2022-03-29,176.10647583007812,18.899999618530273,25215.491,0.2,287.467,3.7
2022-03-30,174.9354248046875,19.329999923706055,25215.491,0.2,287.467,3.7
2022-03-31,171.8258056640625,20.559999465942383,25215.491,0.2,287.467,3.7
2022-04-01,171.53060913085938,19.6299991607666,25805.791,0.33,288.582,3.7
2022-04-04,175.59475708007812,18.56999969482422,25805.791,0.33,288.582,3.7
2022-04-05,172.26866149902344,21.030000686645508,25805.791,0.33,288.582,3.7
2022-04-06,169.09014892578125,22.100000381469727,25805.791,0.33,288.582,3.7
2022-04-07,169.39523315429688,21.549999237060547,25805.791,0.33,288.582,3.7
2022-04-08,167.3778839111328,21.15999984741211,25805.791,0.33,288.582,3.7
2022-04-11,163.10707092285156,24.3700008392334,25805.791,0.33,288.582,3.7
2022-04-12,164.98666381835938,24.260000228881836,25805.791,0.33,288.582,3.7
2022-04-13,167.68295288085938,21.81999969482422,25805.791,0.33,288.582,3.7
2022-04-14,162.65438842773438,22.700000762939453,25805.791,0.33,288.582,3.7
2022-04-18,162.43795776367188,22.170000076293945,25805.791,0.33,288.582,3.7
2022-04-19,164.73077392578125,21.3700008392334,25805.791,0.33,288.582,3.7
2022-04-20,164.5634765625,20.31999969482422,25805.791,0.33,288.582,3.7
2022-04-21,163.76641845703125,22.68000030517578,25805.791,0.33,288.582,3.7
2022-04-22,159.21023559570312,28.209999084472656,25805.791,0.33,288.582,3.7
2022-04-25,160.28285217285156,27.020000457763672,25805.791,0.33,288.582,3.7
2022-04-26,154.2998046875,33.52000045776367,25805.791,0.33,288.582,3.7
2022-04-27,154.07345581054688,31.600000381469727,25805.791,0.33,288.582,3.7
2022-04-28,161.03076171875,29.989999771118164,25805.791,0.33,288.582,3.7
2022-04-29,155.13626098632812,33.400001525878906,25805.791,0.33,288.582,3.7
2022-05-01,155.13626098632812,33.400001525878906,25805.791,0.77,291.299,3.6
2022-05-02,155.44129943847656,32.34000015258789,25805.791,0.77,291.299,3.6
2022-05-03,156.9370574951172,29.25,25805.791,0.77,291.299,3.6
2022-05-04,163.372802734375,25.420000076293945,25805.791,0.77,291.299,3.6
2022-05-05,154.27027893066406,31.200000762939453,25805.791,0.77,291.299,3.6
2022-05-06,154.99954223632812,30.190000534057617,25805.791,0.77,291.299,3.6
2022-05-09,149.85523986816406,34.75,25805.791,0.77,291.299,3.6
2022-05-10,152.26971435546875,32.9900016784668,25805.791,0.77,291.299,3.6
2022-05-11,144.37583923339844,32.560001373291016,25805.791,0.77,291.299,3.6
2022-05-12,140.49298095703125,31.770000457763672,25805.791,0.77,291.299,3.6
2022-05-13,144.9770050048828,28.8700008392334,25805.791,0.77,291.299,3.6
2022-05-16,143.4297637939453,27.469999313354492,25805.791,0.77,291.299,3.6
2022-05-17,147.0761260986328,26.100000381469727,25805.791,0.77,291.299,3.6
2022-05-18,138.77821350097656,30.959999084472656,25805.791,0.77,291.299,3.6
2022-05-19,135.35855102539062,29.350000381469727,25805.791,0.77,291.299,3.6
2022-05-20,135.59503173828125,29.43000030517578,25805.791,0.77,291.299,3.6
2022-05-23,141.0349884033203,28.479999542236328,25805.791,0.77,291.299,3.6
2022-05-24,138.32485961914062,29.450000762939453,25805.791,0.77,291.299,3.6
2022-05-25,138.4825897216797,28.3700008392334,25805.791,0.77,291.299,3.6
2022-05-26,141.69528198242188,27.5,25805.791,0.77,291.299,3.6
2022-05-27,147.47032165527344,25.719999313354492,25805.791,0.77,291.299,3.6
2022-05-31,146.6819305419922,26.190000534057617,25805.791,0.77,291.299,3.6
2022-06-01,146.55381774902344,25.690000534057617,25805.791,1.21,295.072,3.6
2022-06-02,149.01754760742188,24.719999313354492,25805.791,1.21,295.072,3.6
2022-06-03,143.27210998535156,24.790000915527344,25805.791,1.21,295.072,3.6
2022-06-06,144.0210723876953,25.06999969482422,25805.791,1.21,295.072,3.6
2022-06-07,146.55381774902344,24.020000457763672,25805.791,1.21,295.072,3.6
2022-06-08,145.81466674804688,23.959999084472656,25805.791,1.21,295.072,3.6
2022-06-09,140.5718231201172,26.09000015258789,25805.791,1.21,295.072,3.6
2022-06-10,135.1417236328125,27.75,25805.791,1.21,295.072,3.6
2022-06-13,129.96783447265625,34.02000045776367,25805.791,1.21,295.072,3.6
2022-06-14,130.83506774902344,32.689998626708984,25805.791,1.21,295.072,3.6
2022-06-15,133.46633911132812,29.6200008392334,25805.791,1.21,295.072,3.6
2022-06-16,128.17420959472656,32.95000076293945,25805.791,1.21,295.072,3.6
2022-06-17,129.65243530273438,31.1299991607666,25805.791,1.21,295.072,3.6
2022-06-21,133.8999786376953,30.190000534057617,25805.791,1.21,295.072,3.6
2022-06-22,133.3874969482422,28.950000762939453,25805.791,1.21,295.072,3.6
2022-06-23,136.26516723632812,29.049999237060547,25805.791,1.21,295.072,3.6
2022-06-24,139.60601806640625,27.229999542236328,25805.791,1.21,295.072,3.6
2022-06-27,139.60601806640625,26.950000762939453,25805.791,1.21,295.072,3.6
2022-06-28,135.44720458984375,28.360000610351562,25805.791,1.21,295.072,3.6
2022-06-29,137.2112579345703,28.15999984741211,25805.791,1.21,295.072,3.6
2022-06-30,134.73764038085938,28.709999084472656,25805.791,1.21,295.072,3.6
2022-07-01,136.91561889648438,26.700000762939453,26272.011,1.68,294.94,3.5
2022-07-05,139.50746154785156,27.540000915527344,26272.011,1.68,294.94,3.5
2022-07-06,140.8477783203125,26.729999542236328,26272.011,1.68,294.94,3.5
2022-07-07,144.22805786132812,26.079999923706055,26272.011,1.68,294.94,3.5
2022-07-08,144.90802001953125,24.639999389648438,26272.011,1.68,294.94,3.5
2022-07-11,142.76947021484375,26.170000076293945,26272.011,1.68,294.94,3.5
2022-07-12,143.74513244628906,27.290000915527344,26272.011,1.68,294.94,3.5
2022-07-13,143.3804931640625,26.81999969482422,26272.011,1.68,294.94,3.5
2022-07-14,146.31729125976562,26.399999618530273,26272.011,1.68,294.94,3.5
2022-07-15,147.9926300048828,24.229999542236328,26272.011,1.68,294.94,3.5
2022-07-18,144.93760681152344,25.299999237060547,26272.011,1.68,294.94,3.5
2022-07-19,148.8105926513672,24.5,26272.011,1.68,294.94,3.5
2022-07-20,150.8209991455078,23.8799991607666,26272.011,1.68,294.94,3.5
2022-07-21,153.09754943847656,23.110000610351562,26272.011,1.68,294.94,3.5
2022-07-22,151.85577392578125,23.030000686645508,26272.011,1.68,294.94,3.5
2022-07-25,150.73233032226562,23.360000610351562,26272.011,1.68,294.94,3.5
2022-07-26,149.4019317626953,24.690000534057617,26272.011,1.68,294.94,3.5
2022-07-27,154.5166473388672,23.239999771118164,26272.011,1.68,294.94,3.5
2022-07-28,155.06854248046875,22.329999923706055,26272.011,1.68,294.94,3.5
2022-07-29,160.15370178222656,21.329999923706055,26272.011,1.68,294.94,3.5
2022-08-01,159.168212890625,22.84000015258789,26272.011,2.33,295.162,3.6
2022-08-02,157.68994140625,23.93000030517578,26272.011,2.33,295.162,3.6
2022-08-03,163.7212371826172,21.950000762939453,26272.011,2.33,295.162,3.6
2022-08-04,163.40586853027344,21.440000534057617,26272.011,2.33,295.162,3.6
2022-08-05,163.17889404296875,21.149999618530273,26272.011,2.33,295.162,3.6
2022-08-08,162.70518493652344,21.290000915527344,26272.011,2.33,295.162,3.6
2022-08-09,162.75450134277344,21.770000457763672,26272.011,2.33,295.162,3.6
2022-08-10,167.01783752441406,19.739999771118164,26272.011,2.33,295.162,3.6
2022-08-11,166.2776641845703,20.200000762939453,26272.011,2.33,295.162,3.6
2022-08-12,169.8402862548828,19.530000686645508,26272.011,2.33,295.162,3.6
2022-08-15,170.91595458984375,19.950000762939453,26272.011,2.33,295.162,3.6
2022-08-16,170.75802612304688,19.690000534057617,26272.011,2.33,295.162,3.6
2022-08-17,172.25807189941406,19.899999618530273,26272.011,2.33,295.162,3.6
2022-08-18,171.86334228515625,19.559999465942383,26272.011,2.33,295.162,3.6
2022-08-19,169.2678680419922,20.600000381469727,26272.011,2.33,295.162,3.6
2022-08-22,165.3697509765625,23.799999237060547,26272.011,2.33,295.162,3.6
2022-08-23,165.0341796875,24.110000610351562,26272.011,2.33,295.162,3.6
2022-08-24,165.3302459716797,22.81999969482422,26272.011,2.33,295.162,3.6
2022-08-25,167.79742431640625,21.780000686645508,26272.011,2.33,295.162,3.6
2022-08-26,161.4716033935547,25.559999465942383,26272.011,2.33,295.162,3.6
2022-08-29,159.26100158691406,26.209999084472656,26272.011,2.33,295.162,3.6
2022-08-30,156.82345581054688,26.209999084472656,26272.011,2.33,295.162,3.6
2022-08-31,155.1556396484375,25.8700008392334,26272.011,2.33,295.162,3.6
2022-09-01,155.8859405517578,25.559999465942383,26272.011,2.56,296.421,3.5
2022-09-02,153.76414489746094,25.469999313354492,26272.011,2.56,296.421,3.5
2022-09-06,152.50096130371094,26.90999984741211,26272.011,2.56,296.421,3.5
2022-09-07,153.9121856689453,24.639999389648438,26272.011,2.56,296.421,3.5
2022-09-08,152.431884765625,23.610000610351562,26272.011,2.56,296.421,3.5
2022-09-09,155.3036651611328,22.790000915527344,26272.011,2.56,296.421,3.5
2022-09-12,161.28408813476562,23.8700008392334,26272.011,2.56,296.421,3.5
2022-09-13,151.82000732421875,27.270000457763672,26272.011,2.56,296.421,3.5
2022-09-14,153.27069091796875,26.15999984741211,26272.011,2.56,296.421,3.5
2022-09-15,150.36932373046875,26.270000457763672,26272.011,2.56,296.421,3.5
2022-09-16,148.7212371826172,26.299999237060547,26272.011,2.56,296.421,3.5
2022-09-19,152.45162963867188,25.760000228881836,26272.011,2.56,296.421,3.5
2022-09-20,154.83981323242188,27.15999984741211,26272.011,2.56,296.421,3.5
2022-09-21,151.7015838623047,27.989999771118164,26272.011,2.56,296.421,3.5
2022-09-22,150.73448181152344,27.350000381469727,26272.011,2.56,296.421,3.5
2022-09-23,148.45477294921875,29.920000076293945,26272.011,2.56,296.421,3.5
2022-09-26,148.7903289794922,32.2599983215332,26272.011,2.56,296.421,3.5
2022-09-27,149.76731872558594,32.599998474121094,26272.011,2.56,296.421,3.5
2022-09-28,147.8725128173828,30.18000030517578,26272.011,2.56,296.421,3.5
2022-09-29,140.6091766357422,31.84000015258789,26272.011,2.56,296.421,3.5
2022-09-30,136.3853759765625,31.6200008392334,26272.011,2.56,296.421,3.5
2022-10-01,136.3853759765625,31.6200008392334,26734.277,3.08,297.979,3.6
2022-10-03,140.57957458496094,30.100000381469727,26734.277,3.08,297.979,3.6
2022-10-04,144.18165588378906,29.06999969482422,26734.277,3.08,297.979,3.6
2022-10-05,144.47767639160156,28.549999237060547,26734.277,3.08,297.979,3.6
2022-10-06,143.5204620361328,30.520000457763672,26734.277,3.08,297.979,3.6
2022-10-07,138.2505340576172,31.360000610351562,26734.277,3.08,297.979,3.6
2022-10-10,138.57623291015625,32.45000076293945,26734.277,3.08,297.979,3.6
2022-10-11,137.15512084960938,33.630001068115234,26734.277,3.08,297.979,3.6
2022-10-12,136.52352905273438,33.56999969482422,26734.277,3.08,297.979,3.6
2022-10-13,141.1125030517578,31.940000534057617,26734.277,3.08,297.979,3.6
2022-10-14,136.5630340576172,32.02000045776367,26734.277,3.08,297.979,3.6
2022-10-17,140.5400848388672,31.3700008392334,26734.277,3.08,297.979,3.6
2022-10-18,141.86248779296875,30.5,26734.277,3.08,297.979,3.6
2022-10-19,141.9710693359375,30.760000228881836,26734.277,3.08,297.979,3.6
2022-10-20,141.50723266601562,29.979999542236328,26734.277,3.08,297.979,3.6
2022-10-21,145.33628845214844,29.690000534057617,26734.277,3.08,297.979,3.6
2022-10-24,147.4876708984375,29.850000381469727,26734.277,3.08,297.979,3.6
2022-10-25,150.33970642089844,28.459999084472656,26734.277,3.08,297.979,3.6
2022-10-26,147.38897705078125,27.280000686645508,26734.277,3.08,297.979,3.6
2022-10-27,142.89871215820312,27.389999389648438,26734.277,3.08,297.979,3.6
2022-10-28,153.69508361816406,25.75,26734.277,3.08,297.979,3.6
2022-10-31,151.32656860351562,25.8799991607666,26734.277,3.08,297.979,3.6
2022-11-01,148.67189025878906,25.809999465942383,26734.277,3.78,298.708,3.6
2022-11-02,143.1256866455078,25.860000610351562,26734.277,3.78,298.708,3.6
2022-11-03,137.05645751953125,25.299999237060547,26734.277,3.78,298.708,3.6
2022-11-04,136.78956604003906,24.549999237060547,26734.277,3.78,298.708,3.6
2022-11-07,137.3233184814453,24.350000381469727,26734.277,3.78,298.708,3.6
2022-11-08,137.8966827392578,25.540000915527344,26734.277,3.78,298.708,3.6
2022-11-09,133.3199005126953,26.09000015258789,26734.277,3.78,298.708,3.6
2022-11-10,145.1819610595703,23.530000686645508,26734.277,3.78,298.708,3.6
2022-11-11,147.9794464111328,22.520000457763672,26734.277,3.78,298.708,3.6
2022-11-14,146.57574462890625,23.729999542236328,26734.277,3.78,298.708,3.6
2022-11-15,148.31552124023438,24.540000915527344,26734.277,3.78,298.708,3.6
2022-11-16,147.07992553710938,24.110000610351562,26734.277,3.78,298.708,3.6
2022-11-17,148.9877166748047,23.93000030517578,26734.277,3.78,298.708,3.6
2022-11-18,149.55117797851562,23.1200008392334,26734.277,3.78,298.708,3.6
2022-11-21,146.30886840820312,22.360000610351562,26734.277,3.78,298.708,3.6
2022-11-22,148.45391845703125,21.290000915527344,26734.277,3.78,298.708,3.6
2022-11-23,149.33370971679688,20.350000381469727,26734.277,3.78,298.708,3.6
2022-11-25,146.40771484375,20.5,26734.277,3.78,298.708,3.6
2022-11-28,142.56243896484375,22.209999084472656,26734.277,3.78,298.708,3.6
2022-11-29,139.54747009277344,21.889999389648438,26734.277,3.78,298.708,3.6
2022-11-30,146.32861328125,20.579999923706055,26734.277,3.78,298.708,3.6
2022-12-01,146.6054229736328,19.84000015258789,26734.277,4.1,298.808,3.5
2022-12-02,146.11117553710938,19.059999465942383,26734.277,4.1,298.808,3.5
2022-12-05,144.94476318359375,20.75,26734.277,4.1,298.808,3.5
2022-12-06,141.2675018310547,22.170000076293945,26734.277,4.1,298.808,3.5
2022-12-07,139.32015991210938,22.68000030517578,26734.277,4.1,298.808,3.5
2022-12-08,141.01048278808594,22.290000915527344,26734.277,4.1,298.808,3.5
2022-12-09,140.526123046875,22.829999923706055,26734.277,4.1,298.808,3.5
2022-12-12,142.829345703125,25.0,26734.277,4.1,298.808,3.5
2022-12-13,143.798095703125,22.549999237060547,26734.277,4.1,298.808,3.5
2022-12-14,141.56405639648438,21.139999389648438,26734.277,4.1,298.808,3.5
2022-12-15,134.93115234375,22.829999923706055,26734.277,4.1,298.808,3.5
2022-12-16,132.96401977539062,22.6200008392334,26734.277,4.1,298.808,3.5
2022-12-19,130.84861755371094,22.420000076293945,26734.277,4.1,298.808,3.5
2022-12-20,130.7794189453125,21.479999542236328,26734.277,4.1,298.808,3.5
2022-12-21,133.89321899414062,20.06999969482422,26734.277,4.1,298.808,3.5
2022-12-22,130.71023559570312,21.969999313354492,26734.277,4.1,298.808,3.5
2022-12-23,130.34449768066406,20.8700008392334,26734.277,4.1,298.808,3.5
2022-12-27,128.5355224609375,21.649999618530273,26734.277,4.1,298.808,3.5
2022-12-28,124.59137725830078,22.139999389648438,26734.277,4.1,298.808,3.5
2022-12-29,128.120361328125,21.440000534057617,26734.277,4.1,298.808,3.5
2022-12-30,128.43667602539062,21.670000076293945,26734.277,4.1,298.808,3.5
2023-01-01,128.43667602539062,21.670000076293945,27164.359,4.33,300.456,3.5
2023-01-03,123.63253021240234,22.899999618530273,27164.359,4.33,300.456,3.5
2023-01-04,124.9076919555664,22.010000228881836,27164.359,4.33,300.456,3.5
2023-01-05,123.58309173583984,22.459999084472656,27164.359,4.33,300.456,3.5
2023-01-06,128.13021850585938,21.1299991607666,27164.359,4.33,300.456,3.5
2023-01-09,128.65414428710938,21.969999313354492,27164.359,4.33,300.456,3.5
2023-01-10,129.2274627685547,20.579999923706055,27164.359,4.33,300.456,3.5
2023-01-11,131.95574951171875,21.09000015258789,27164.359,4.33,300.456,3.5
2023-01-12,131.87664794921875,18.829999923706055,27164.359,4.33,300.456,3.5
2023-01-13,133.21115112304688,18.350000381469727,27164.359,4.33,300.456,3.5
2023-01-17,134.37759399414062,19.360000610351562,27164.359,4.33,300.456,3.5
2023-01-18,133.65597534179688,20.34000015258789,27164.359,4.33,300.456,3.5
2023-01-19,133.71531677246094,20.520000457763672,27164.359,4.33,300.456,3.5
2023-01-20,136.28538513183594,19.850000381469727,27164.359,4.33,300.456,3.5
2023-01-23,139.48818969726562,19.809999465942383,27164.359,4.33,300.456,3.5
2023-01-24,140.89186096191406,19.200000762939453,27164.359,4.33,300.456,3.5
2023-01-25,140.22955322265625,19.079999923706055,27164.359,4.33,300.456,3.5
2023-01-26,142.30543518066406,18.729999542236328,27164.359,4.33,300.456,3.5
2023-01-27,144.25279235839844,18.510000228881836,27164.359,4.33,300.456,3.5
2023-01-30,141.35646057128906,19.940000534057617,27164.359,4.33,300.456,3.5
2023-01-31,142.63160705566406,19.399999618530273,27164.359,4.33,300.456,3.5
2023-02-01,143.758544921875,17.8700008392334,27164.359,4.57,301.476,3.6
2023-02-02,149.08656311035156,18.729999542236328,27164.359,4.57,301.476,3.6
2023-02-03,152.72425842285156,18.329999923706055,27164.359,4.57,301.476,3.6
2023-02-06,149.98611450195312,19.43000030517578,27164.359,4.57,301.476,3.6
2023-02-07,152.87254333496094,18.65999984741211,27164.359,4.57,301.476,3.6
2023-02-08,150.17393493652344,19.6299991607666,27164.359,4.57,301.476,3.6
2023-02-09,149.135986328125,20.709999084472656,27164.359,4.57,301.476,3.6
2023-02-10,149.50228881835938,20.530000686645508,27164.359,4.57,301.476,3.6
2023-02-13,152.31398010253906,20.34000015258789,27164.359,4.57,301.476,3.6
2023-02-14,151.6704559326172,18.90999984741211,27164.359,4.57,301.476,3.6
2023-02-15,153.7791748046875,18.229999542236328,27164.359,4.57,301.476,3.6
2023-02-16,152.17535400390625,20.170000076293945,27164.359,4.57,301.476,3.6
2023-02-17,151.02694702148438,20.020000457763672,27164.359,4.57,301.476,3.6
2023-02-21,146.99757385253906,22.8700008392334,27164.359,4.57,301.476,3.6
2023-02-22,147.4232635498047,22.290000915527344,27164.359,4.57,301.476,3.6
2023-02-23,147.90838623046875,21.139999389648438,27164.359,4.57,301.476,3.6
2023-02-24,145.24525451660156,21.670000076293945,27164.359,4.57,301.476,3.6
2023-02-27,146.44314575195312,20.950000762939453,27164.359,4.57,301.476,3.6
2023-02-28,145.93824768066406,20.700000762939453,27164.359,4.57,301.476,3.6
2023-03-01,143.85922241210938,20.579999923706055,27164.359,4.65,301.643,3.5
2023-03-02,144.45323181152344,19.59000015258789,27164.359,4.65,301.643,3.5
2023-03-03,149.52212524414062,18.489999771118164,27164.359,4.65,301.643,3.5
2023-03-06,152.2941436767578,18.610000610351562,27164.359,4.65,301.643,3.5
2023-03-07,150.08641052246094,19.59000015258789,27164.359,4.65,301.643,3.5
2023-03-08,151.34376525878906,19.110000610351562,27164.359,4.65,301.643,3.5
2023-03-09,149.0864715576172,22.610000610351562,27164.359,4.65,301.643,3.5
2023-03-10,147.0173797607422,24.799999237060547,27164.359,4.65,301.643,3.5
2023-03-13,148.9676971435547,26.520000457763672,27164.359,4.65,301.643,3.5
2023-03-14,151.06654357910156,23.729999542236328,27164.359,4.65,301.643,3.5
2023-03-15,151.46253967285156,26.139999389648438,27164.359,4.65,301.643,3.5
2023-03-16,154.29400634765625,22.989999771118164,27164.359,4.65,301.643,3.5
2023-03-17,153.45248413085938,25.510000228881836,27164.359,4.65,301.643,3.5
2023-03-20,155.8284912109375,24.149999618530273,27164.359,4.65,301.643,3.5
2023-03-21,157.68972778320312,21.3799991607666,27164.359,4.65,301.643,3.5
2023-03-22,156.25421142578125,22.260000228881836,27164.359,4.65,301.643,3.5
2023-03-23,157.3432159423828,22.610000610351562,27164.359,4.65,301.643,3.5
2023-03-24,158.6500701904297,21.739999771118164,27164.359,4.65,301.643,3.5
2023-03-27,156.69973754882812,20.600000381469727,27164.359,4.65,301.643,3.5
2023-03-28,156.07598876953125,19.969999313354492,27164.359,4.65,301.643,3.5
2023-03-29,159.1648712158203,19.1200008392334,27164.359,4.65,301.643,3.5
2023-03-30,160.73899841308594,19.020000457763672,27164.359,4.65,301.643,3.5
2023-03-31,163.25363159179688,18.700000762939453,27164.359,4.65,301.643,3.5
2023-04-01,163.25363159179688,18.700000762939453,27453.815,4.83,302.858,3.4
2023-04-03,164.51092529296875,18.549999237060547,27453.815,4.83,302.858,3.4
2023-04-04,163.97634887695312,19.0,27453.815,4.83,302.858,3.4
2023-04-05,162.125,19.079999923706055,27453.815,4.83,302.858,3.4
2023-04-06,163.0160369873047,18.399999618530273,27453.815,4.83,302.858,3.4
2023-04-10,160.41229248046875,18.969999313354492,27453.815,4.83,302.858,3.4
2023-04-11,159.19456481933594,19.100000381469727,27453.815,4.83,302.858,3.4
2023-04-12,158.50155639648438,19.09000015258789,27453.815,4.83,302.858,3.4
2023-04-13,163.90704345703125,17.799999237060547,27453.815,4.83,302.858,3.4
2023-04-14,163.56056213378906,17.06999969482422,27453.815,4.83,302.858,3.4
2023-04-17,163.58033752441406,16.950000762939453,27453.815,4.83,302.858,3.4
2023-04-18,164.80796813964844,16.829999923706055,27453.815,4.83,302.858,3.4
2023-04-19,165.95639038085938,16.459999084472656,27453.815,4.83,302.858,3.4
2023-04-20,164.98614501953125,17.170000076293945,27453.815,4.83,302.858,3.4
2023-04-21,163.37242126464844,16.770000457763672,27453.815,4.83,302.858,3.4
2023-04-24,163.67933654785156,16.889999389648438,27453.815,4.83,302.858,3.4
2023-04-25,162.13490295410156,18.760000228881836,27453.815,4.83,302.858,3.4
2023-04-26,162.125,18.84000015258789,27453.815,4.83,302.858,3.4
2023-04-27,166.72857666015625,17.030000686645508,27453.815,4.83,302.858,3.4
2023-04-28,167.9859161376953,15.779999732971191,27453.815,4.83,302.858,3.4
2023-05-01,167.89678955078125,16.079999923706055,27453.815,5.06,303.316,3.6
2023-05-02,166.8572998046875,17.780000686645508,27453.815,5.06,303.316,3.6
2023-05-03,165.77818298339844,18.34000015258789,27453.815,5.06,303.316,3.6
2023-05-04,164.13473510742188,20.09000015258789,27453.815,5.06,303.316,3.6
2023-05-05,171.8370361328125,17.190000534057617,27453.815,5.06,303.316,3.6
2023-05-08,171.76776123046875,16.979999542236328,27453.815,5.06,303.316,3.6
2023-05-09,170.05506896972656,17.709999084472656,27453.815,5.06,303.316,3.6
2023-05-10,171.8271484375,16.940000534057617,27453.815,5.06,303.316,3.6
2023-05-11,172.0152587890625,16.93000030517578,27453.815,5.06,303.316,3.6
2023-05-12,171.08334350585938,17.030000686645508,27453.815,5.06,303.316,3.6
2023-05-15,170.58766174316406,17.1200008392334,27453.815,5.06,303.316,3.6
2023-05-16,170.58766174316406,17.989999771118164,27453.815,5.06,303.316,3.6
2023-05-17,171.20233154296875,16.8700008392334,27453.815,5.06,303.316,3.6
2023-05-18,173.54200744628906,16.049999237060547,27453.815,5.06,303.316,3.6
2023-05-19,173.65103149414062,16.809999465942383,27453.815,5.06,303.316,3.6
2023-05-22,172.69932556152344,17.209999084472656,27453.815,5.06,303.316,3.6
2023-05-23,170.0820770263672,18.530000686645508,27453.815,5.06,303.316,3.6
2023-05-24,170.3596649169922,20.030000686645508,27453.815,5.06,303.316,3.6
2023-05-25,171.49972534179688,19.139999389648438,27453.815,5.06,303.316,3.6
2023-05-26,173.91873168945312,17.950000762939453,27453.815,5.06,303.316,3.6
2023-05-30,175.77261352539062,17.459999084472656,27453.815,5.06,303.316,3.6
2023-05-31,175.72303771972656,17.940000534057617,27453.815,5.06,303.316,3.6
2023-06-01,178.53855895996094,15.649999618530273,27453.815,5.08,304.099,3.6
2023-06-02,179.3911590576172,14.600000381469727,27453.815,5.08,304.099,3.6
2023-06-05,178.03298950195312,14.729999542236328,27453.815,5.08,304.099,3.6
2023-06-06,177.6661834716797,13.960000038146973,27453.815,5.08,304.099,3.6
2023-06-07,176.28814697265625,13.9399995803833,27453.815,5.08,304.099,3.6
2023-06-08,179.0144805908203,13.649999618530273,27453.815,5.08,304.099,3.6
2023-06-09,179.40109252929688,13.829999923706055,27453.815,5.08,304.099,3.6
2023-06-12,182.20669555664062,15.010000228881836,27453.815,5.08,304.099,3.6
2023-06-13,181.73086547851562,14.609999656677246,27453.815,5.08,304.099,3.6
2023-06-14,182.36532592773438,13.880000114440918,27453.815,5.08,304.099,3.6
2023-06-15,184.40757751464844,14.5,27453.815,5.08,304.099,3.6
2023-06-16,183.3269805908203,13.539999961853027,27453.815,5.08,304.099,3.6
2023-06-20,183.41619873046875,13.880000114440918,27453.815,5.08,304.099,3.6
2023-06-21,182.37522888183594,13.199999809265137,27453.815,5.08,304.099,3.6
2023-06-22,185.38905334472656,12.90999984741211,27453.815,5.08,304.099,3.6
2023-06-23,185.0718231201172,13.4399995803833,27453.815,5.08,304.099,3.6
2023-06-26,183.67396545410156,14.25,27453.815,5.08,304.099,3.6
2023-06-27,186.43991088867188,13.739999771118164,27453.815,5.08,304.099,3.6
2023-06-28,187.6196746826172,13.430000305175781,27453.815,5.08,304.099,3.6
2023-06-29,187.9567413330078,13.539999961853027,27453.815,5.08,304.099,3.6
2023-06-30,192.2990264892578,13.59000015258789,27453.815,5.08,304.099,3.6
2023-07-01,192.2990264892578,13.59000015258789,27967.697,5.12,304.615,3.5
2023-07-03,190.80201721191406,13.569999694824219,27967.697,5.12,304.615,3.5
2023-07-05,189.68174743652344,14.180000305175781,27967.697,5.12,304.615,3.5
2023-07-06,190.15760803222656,15.4399995803833,27967.697,5.12,304.615,3.5
2023-07-07,189.037353515625,14.829999923706055,27967.697,5.12,304.615,3.5
2023-07-10,186.9851837158203,15.069999694824219,27967.697,5.12,304.615,3.5
2023-07-11,186.4597625732422,14.84000015258789,27967.697,5.12,304.615,3.5
2023-07-12,188.1352081298828,13.539999961853027,27967.697,5.12,304.615,3.5
2023-07-13,188.8985595703125,13.609999656677246,27967.697,5.12,304.615,3.5
2023-07-14,189.04727172851562,13.34000015258789,27967.697,5.12,304.615,3.5
2023-07-17,192.31883239746094,13.479999542236328,27967.697,5.12,304.615,3.5
2023-07-18,192.0610809326172,13.300000190734863,27967.697,5.12,304.615,3.5
2023-07-19,193.41928100585938,13.760000228881836,27967.697,5.12,304.615,3.5
2023-07-20,191.4662628173828,13.989999771118164,27967.697,5.12,304.615,3.5
2023-07-21,190.28651428222656,13.600000381469727,27967.697,5.12,304.615,3.5
2023-07-24,191.08950805664062,13.90999984741211,27967.697,5.12,304.615,3.5
2023-07-25,191.9520263671875,13.859999656677246,27967.697,5.12,304.615,3.5
2023-07-26,192.82444763183594,13.1899995803833,27967.697,5.12,304.615,3.5
2023-07-27,191.55548095703125,14.40999984741211,27967.697,5.12,304.615,3.5
2023-07-28,194.14297485351562,13.329999923706055,27967.697,5.12,304.615,3.5
2023-07-31,194.7576446533203,13.630000114440918,27967.697,5.12,304.615,3.5
2023-08-01,193.92489624023438,13.930000305175781,27967.697,5.33,306.138,3.7
2023-08-02,190.92098999023438,16.09000015258789,27967.697,5.33,306.138,3.7
2023-08-03,189.52316284179688,15.920000076293945,27967.697,5.33,306.138,3.7
2023-08-04,180.42221069335938,17.100000381469727,27967.697,5.33,306.138,3.7
2023-08-07,177.30926513671875,15.770000457763672,27967.697,5.33,306.138,3.7
2023-08-08,178.25108337402344,15.989999771118164,27967.697,5.33,306.138,3.7
2023-08-09,176.65496826171875,15.960000038146973,27967.697,5.33,306.138,3.7
2023-08-10,176.43685913085938,15.850000381469727,27967.697,5.33,306.138,3.7
2023-08-11,176.4964141845703,14.84000015258789,27967.697,5.33,306.138,3.7
2023-08-14,178.15426635742188,14.819999694824219,27967.697,5.33,306.138,3.7
2023-08-15,176.1588897705078,16.459999084472656,27967.697,5.33,306.138,3.7
2023-08-16,175.2852783203125,16.780000686645508,27967.697,5.33,306.138,3.7
2023-08-17,172.73399353027344,17.889999389648438,27967.697,5.33,306.138,3.7
2023-08-18,173.22042846679688,17.299999237060547,27967.697,5.33,306.138,3.7
2023-08-21,174.56060791015625,17.1299991607666,27967.697,5.33,306.138,3.7
2023-08-22,175.94049072265625,16.969999313354492,27967.697,5.33,306.138,3.7
2023-08-23,179.8021697998047,15.979999542236328,27967.697,5.33,306.138,3.7
2023-08-24,175.0966796875,17.200000762939453,27967.697,5.33,306.138,3.7
2023-08-25,177.31044006347656,15.680000305175781,27967.697,5.33,306.138,3.7
2023-08-28,178.87896728515625,15.079999923706055,27967.697,5.33,306.138,3.7
2023-08-29,182.7803497314453,14.449999809265137,27967.697,5.33,306.138,3.7
2023-08-30,186.28463745117188,13.880000114440918,27967.697,5.33,306.138,3.7
2023-08-31,186.50308227539062,13.569999694824219,27967.697,5.33,306.138,3.7
2023-09-01,188.08151245117188,13.09000015258789,27967.697,5.33,307.374,3.8
2023-09-05,188.3197479248047,14.010000228881836,27967.697,5.33,307.374,3.8
2023-09-06,181.5791778564453,14.449999809265137,27967.697,5.33,307.374,3.8
2023-09-07,176.26809692382812,14.399999618530273,27967.697,5.33,307.374,3.8
2023-09-08,176.88356018066406,13.84000015258789,27967.697,5.33,307.374,3.8
2023-09-11,178.05499267578125,13.800000190734863,27967.697,5.33,307.374,3.8
2023-09-12,175.0172576904297,14.229999542236328,27967.697,5.33,307.374,3.8
2023-09-13,172.9424591064453,13.479999542236328,27967.697,5.33,307.374,3.8
2023-09-14,174.46133422851562,12.819999694824219,27967.697,5.33,307.374,3.8
2023-09-15,173.73663330078125,13.789999961853027,27967.697,5.33,307.374,3.8
2023-09-18,176.67510986328125,14.0,27967.697,5.33,307.374,3.8
2023-09-19,177.76710510253906,14.109999656677246,27967.697,5.33,307.374,3.8
2023-09-20,174.21316528320312,15.140000343322754,27967.697,5.33,307.374,3.8
2023-09-21,172.66448974609375,17.540000915527344,27967.697,5.33,307.374,3.8
2023-09-22,173.5182342529297,17.200000762939453,27967.697,5.33,307.374,3.8
2023-09-25,174.79885864257812,16.899999618530273,27967.697,5.33,307.374,3.8
2023-09-26,170.70883178710938,18.940000534057617,27967.697,5.33,307.374,3.8
2023-09-27,169.18995666503906,18.219999313354492,27967.697,5.33,307.374,3.8
2023-09-28,169.44805908203125,17.34000015258789,27967.697,5.33,307.374,3.8
2023-09-29,169.96429443359375,17.520000457763672,27967.697,5.33,307.374,3.8
2023-10-01,169.96429443359375,17.520000457763672,28296.967,5.33,307.653,3.9
2023-10-02,172.4857940673828,17.610000610351562,28296.967,5.33,307.653,3.9
2023-10-03,171.14561462402344,19.780000686645508,28296.967,5.33,307.653,3.9
2023-10-04,172.39646911621094,18.579999923706055,28296.967,5.33,307.653,3.9
2023-10-05,173.63735961914062,18.489999771118164,28296.967,5.33,307.653,3.9
2023-10-06,176.1986083984375,17.450000762939453,28296.967,5.33,307.653,3.9
2023-10-09,177.68768310546875,17.700000762939453,28296.967,5.33,307.653,3.9
2023-10-10,177.092041015625,17.030000686645508,28296.967,5.33,307.653,3.9
2023-10-11,178.4917755126953,16.09000015258789,28296.967,5.33,307.653,3.9
2023-10-12,179.39517211914062,16.690000534057617,28296.967,5.33,307.653,3.9
2023-10-13,177.5487060546875,19.31999969482422,28296.967,5.33,307.653,3.9
2023-10-16,177.41966247558594,17.209999084472656,28296.967,5.33,307.653,3.9
2023-10-17,175.86105346679688,17.8799991607666,28296.967,5.33,307.653,3.9
2023-10-18,174.56060791015625,19.219999313354492,28296.967,5.33,307.653,3.9
2023-10-19,174.183349609375,21.399999618530273,28296.967,5.33,307.653,3.9
2023-10-20,171.62216186523438,21.709999084472656,28296.967,5.33,307.653,3.9
2023-10-23,171.74127197265625,20.3700008392334,28296.967,5.33,307.653,3.9
2023-10-24,172.17807006835938,18.969999313354492,28296.967,5.33,307.653,3.9
2023-10-25,169.8551025390625,20.190000534057617,28296.967,5.33,307.653,3.9
2023-10-26,165.67572021484375,20.68000030517578,28296.967,5.33,307.653,3.9
2023-10-27,166.99603271484375,21.270000457763672,28296.967,5.33,307.653,3.9
2023-10-30,169.0509796142578,19.75,28296.967,5.33,307.653,3.9
2023-10-31,169.52749633789062,18.139999389648438,28296.967,5.33,307.653,3.9
2023-11-01,172.70420837402344,16.8700008392334,28296.967,5.33,308.087,3.7
2023-11-02,176.27801513671875,15.65999984741211,28296.967,5.33,308.087,3.7
2023-11-03,175.36468505859375,14.90999984741211,28296.967,5.33,308.087,3.7
2023-11-06,177.92593383789062,14.890000343322754,28296.967,5.33,308.087,3.7
2023-11-07,180.49710083007812,14.8100004196167,28296.967,5.33,308.087,3.7
2023-11-08,181.55929565429688,14.449999809265137,28296.967,5.33,308.087,3.7
2023-11-09,181.0828094482422,15.289999961853027,28296.967,5.33,308.087,3.7
2023-11-10,185.28753662109375,14.170000076293945,28296.967,5.33,308.087,3.7
2023-11-13,183.6970977783203,14.760000228881836,28296.967,5.33,308.087,3.7
2023-11-14,186.3213653564453,14.15999984741211,28296.967,5.33,308.087,3.7
2023-11-15,186.887939453125,14.180000305175781,28296.967,5.33,308.087,3.7
2023-11-16,188.57781982421875,14.319999694824219,28296.967,5.33,308.087,3.7
2023-11-17,188.5579071044922,13.800000190734863,28296.967,5.33,308.087,3.7
2023-11-20,190.3074188232422,13.40999984741211,28296.967,5.33,308.087,3.7
2023-11-21,189.5022430419922,13.350000381469727,28296.967,5.33,308.087,3.7
2023-11-22,190.16824340820312,12.850000381469727,28296.967,5.33,308.087,3.7
2023-11-24,188.83624267578125,12.460000038146973,28296.967,5.33,308.087,3.7
2023-11-27,188.6573028564453,12.6899995803833,28296.967,5.33,308.087,3.7
2023-11-28,189.263671875,12.6899995803833,28296.967,5.33,308.087,3.7
2023-11-29,188.2398223876953,12.979999542236328,28296.967,5.33,308.087,3.7
2023-11-30,188.8163604736328,12.920000076293945,28296.967,5.33,308.087,3.7
2023-12-01,190.09866333007812,12.630000114440918,28296.967,5.33,308.735,3.8
2023-12-04,188.29945373535156,13.079999923706055,28296.967,5.33,308.735,3.8
2023-12-05,192.26565551757812,12.850000381469727,28296.967,5.33,308.735,3.8
2023-12-06,191.17222595214844,12.970000267028809,28296.967,5.33,308.735,3.8
2023-12-07,193.11058044433594,13.0600004196167,28296.967,5.33,308.735,3.8
2023-12-08,194.5419921875,12.350000381469727,28296.967,5.33,308.735,3.8
2023-12-11,192.02708435058594,12.630000114440918,28296.967,5.33,308.735,3.8
2023-12-12,193.54798889160156,12.069999694824219,28296.967,5.33,308.735,3.8
2023-12-13,196.778564453125,12.1899995803833,28296.967,5.33,308.735,3.8
2023-12-14,196.9276885986328,12.479999542236328,28296.967,5.33,308.735,3.8
2023-12-15,196.39089965820312,12.279999732971191,28296.967,5.33,308.735,3.8
2023-12-18,194.72091674804688,12.5600004196167,28296.967,5.33,308.735,3.8
2023-12-19,195.76466369628906,12.529999732971191,28296.967,5.33,308.735,3.8
2023-12-20,193.66725158691406,13.670000076293945,28296.967,5.33,308.735,3.8
2023-12-21,193.51812744140625,13.649999618530273,28296.967,5.33,308.735,3.8
2023-12-22,192.444580078125,13.029999732971191,28296.967,5.33,308.735,3.8
2023-12-26,191.89788818359375,12.989999771118164,28296.967,5.33,308.735,3.8
2023-12-27,191.99725341796875,12.430000305175781,28296.967,5.33,308.735,3.8
2023-12-28,192.42471313476562,12.470000267028809,28296.967,5.33,308.735,3.8
2023-12-29,191.38096618652344,12.449999809265137,28296.967,5.33,308.735,3.8
2024-01-01,191.38096618652344,12.449999809265137,28624.069,5.33,309.794,3.7
2024-01-02,184.53208923339844,13.199999809265137,28624.069,5.33,309.794,3.7
2024-01-03,183.15037536621094,14.039999961853027,28624.069,5.33,309.794,3.7
2024-01-04,180.82435607910156,14.130000114440918,28624.069,5.33,309.794,3.7
2024-01-05,180.09869384765625,13.350000381469727,28624.069,5.33,309.794,3.7
2024-01-08,184.4525604248047,13.079999923706055,28624.069,5.33,309.794,3.7
2024-01-09,184.0350799560547,12.760000228881836,28624.069,5.33,309.794,3.7
2024-01-10,185.0788116455078,12.6899995803833,28624.069,5.33,309.794,3.7
2024-01-11,184.48236083984375,12.4399995803833,28624.069,5.33,309.794,3.7
2024-01-12,184.8104248046875,12.699999809265137,28624.069,5.33,309.794,3.7
2024-01-16,182.53408813476562,13.84000015258789,28624.069,5.33,309.794,3.7
2024-01-17,181.58975219726562,14.789999961853027,28624.069,5.33,309.794,3.7
2024-01-18,187.5042266845703,14.130000114440918,28624.069,5.33,309.794,3.7
2024-01-19,190.416748046875,13.300000190734863,28624.069,5.33,309.794,3.7
2024-01-22,192.7328338623047,13.1899995803833,28624.069,5.33,309.794,3.7
2024-01-23,194.01513671875,12.550000190734863,28624.069,5.33,309.794,3.7
2024-01-24,193.33921813964844,13.140000343322754,28624.069,5.33,309.794,3.7
2024-01-25,193.01116943359375,13.449999809265137,28624.069,5.33,309.794,3.7
2024-01-26,191.27162170410156,13.260000228881836,28624.069,5.33,309.794,3.7
2024-01-29,190.5857391357422,13.600000381469727,28624.069,5.33,309.794,3.7
2024-01-30,186.9177703857422,13.3100004196167,28624.069,5.33,309.794,3.7
2024-01-31,183.29949951171875,14.350000381469727,28624.069,5.33,309.794,3.7
2024-02-01,185.74481201171875,13.880000114440918,28624.069,5.33,311.022,3.9
2024-02-02,184.7408447265625,13.850000381469727,28624.069,5.33,311.022,3.9
2024-02-05,186.55992126464844,13.670000076293945,28624.069,5.33,311.022,3.9
2024-02-06,188.1702423095703,13.0600004196167,28624.069,5.33,311.022,3.9
2024-02-07,188.27960205078125,12.829999923706055,28624.069,5.33,311.022,3.9
2024-02-08,187.1960906982422,12.789999961853027,28624.069,5.33,311.022,3.9
2024-02-09,187.96246337890625,12.930000305175781,28624.069,5.33,311.022,3.9
2024-02-12,186.27044677734375,13.930000305175781,28624.069,5.33,311.022,3.9
2024-02-13,184.17037963867188,15.850000381469727,28624.069,5.33,311.022,3.9
2024-02-14,183.28456115722656,14.380000114440918,28624.069,5.33,311.022,3.9
2024-02-15,182.99594116210938,14.010000228881836,28624.069,5.33,311.022,3.9
2024-02-16,181.4532012939453,14.239999771118164,28624.069,5.33,311.022,3.9
2024-02-20,180.7067413330078,15.420000076293945,28624.069,5.33,311.022,3.9
2024-02-21,181.46316528320312,15.34000015258789,28624.069,5.33,311.022,3.9
2024-02-22,183.50352478027344,14.539999961853027,28624.069,5.33,311.022,3.9
2024-02-23,181.6622314453125,13.75,28624.069,5.33,311.022,3.9
2024-02-26,180.30860900878906,13.739999771118164,28624.069,5.33,311.022,3.9
2024-02-27,181.77171325683594,13.430000305175781,28624.069,5.33,311.022,3.9
2024-02-28,180.56739807128906,13.84000015258789,28624.069,5.33,311.022,3.9
2024-02-29,179.90054321289062,13.399999618530273,28624.069,5.33,311.022,3.9
2024-03-01,178.815673828125,13.109999656677246,28624.069,5.33,312.107,3.9
2024-03-04,174.277099609375,13.489999771118164,28624.069,5.33,312.107,3.9
2024-03-05,169.3205108642578,14.460000038146973,28624.069,5.33,312.107,3.9
2024-03-06,168.32518005371094,14.5,28624.069,5.33,312.107,3.9
2024-03-07,168.20574951171875,14.4399995803833,28624.069,5.33,312.107,3.9
2024-03-08,169.9276123046875,14.739999771118164,28624.069,5.33,312.107,3.9
2024-03-11,171.93814086914062,15.220000267028809,28624.069,5.33,312.107,3.9
2024-03-12,172.41586303710938,13.84000015258789,28624.069,5.33,312.107,3.9
2024-03-13,170.3257598876953,13.75,28624.069,5.33,312.107,3.9
2024-03-14,172.1869659423828,14.399999618530273,28624.069,5.33,312.107,3.9
2024-03-15,171.80874633789062,14.40999984741211,28624.069,5.33,312.107,3.9
2024-03-18,172.90357971191406,14.329999923706055,28624.069,5.33,312.107,3.9
2024-03-19,175.2524871826172,13.819999694824219,28624.069,5.33,312.107,3.9
2024-03-20,177.830322265625,13.039999961853027,28624.069,5.33,312.107,3.9
2024-03-21,170.5646209716797,12.920000076293945,28624.069,5.33,312.107,3.9
2024-03-22,171.47035217285156,13.0600004196167,28624.069,5.33,312.107,3.9
2024-03-25,170.0470733642578,13.1899995803833,28624.069,5.33,312.107,3.9
2024-03-26,168.91244506835938,13.239999771118164,28624.069,5.33,312.107,3.9
2024-03-27,172.49549865722656,12.779999732971191,28624.069,5.33,312.107,3.9
2024-03-28,170.67410278320312,13.010000228881836,28624.069,5.33,312.107,3.9
2024-04-01,169.23092651367188,13.649999618530273,29016.714,5.33,313.016,3.9
2024-04-02,168.04649353027344,14.609999656677246,29016.714,5.33,313.016,3.9
2024-04-03,168.85269165039062,14.329999923706055,29016.714,5.33,313.016,3.9
2024-04-04,168.026611328125,16.350000381469727,29016.714,5.33,313.016,3.9
2024-04-05,168.78302001953125,16.030000686645508,29016.714,5.33,313.016,3.9
2024-04-08,167.65834045410156,15.1899995803833,29016.714,5.33,313.016,3.9
2024-04-09,168.8726043701172,14.979999542236328,29016.714,5.33,313.016,3.9
2024-04-10,166.99148559570312,15.800000190734863,29016.714,5.33,313.016,3.9
2024-04-11,174.2173614501953,14.90999984741211,29016.714,5.33,313.016,3.9
2024-04-12,175.72027587890625,17.309999465942383,29016.714,5.33,313.016,3.9
2024-04-15,171.87841796875,19.229999542236328,29016.714,5.33,313.016,3.9
2024-04-16,168.583984375,18.399999618530273,29016.714,5.33,313.016,3.9
2024-04-17,167.21046447753906,18.209999084472656,29016.714,5.33,313.016,3.9
2024-04-18,166.25497436523438,18.0,29016.714,5.33,313.016,3.9
2024-04-19,164.2245635986328,18.709999084472656,29016.714,5.33,313.016,3.9
2024-04-22,165.0605926513672,16.940000534057617,29016.714,5.33,313.016,3.9
2024-04-23,166.11561584472656,15.6899995803833,29016.714,5.33,313.016,3.9
2024-04-24,168.2256622314453,15.970000267028809,29016.714,5.33,313.016,3.9
2024-04-25,169.09158325195312,15.369999885559082,29016.714,5.33,313.016,3.9
2024-04-26,168.5043487548828,15.029999732971191,29016.714,5.33,313.016,3.9
2024-04-29,172.68460083007812,14.670000076293945,29016.714,5.33,313.016,3.9
2024-04-30,169.52951049804688,15.649999618530273,29016.714,5.33,313.016,3.9
2024-05-01,168.5043487548828,15.390000343322754,29016.714,5.33,313.14,4.0
2024-05-02,172.21681213378906,14.680000305175781,29016.714,5.33,313.14,4.0
2024-05-03,182.51817321777344,13.489999771118164,29016.714,5.33,313.14,4.0
2024-05-06,180.85604858398438,13.489999771118164,29016.714,5.33,313.14,4.0
2024-05-07,181.54275512695312,13.229999542236328,29016.714,5.33,313.14,4.0
2024-05-08,181.88119506835938,13.0,29016.714,5.33,313.14,4.0
2024-05-09,183.70260620117188,12.6899995803833,29016.714,5.33,313.14,4.0
2024-05-10,182.4368438720703,12.550000190734863,29016.714,5.33,313.14,4.0
2024-05-13,185.65603637695312,13.600000381469727,29016.714,5.33,313.14,4.0
2024-05-14,186.8021697998047,13.420000076293945,29016.714,5.33,313.14,4.0
2024-05-15,189.08450317382812,12.449999809265137,29016.714,5.33,313.14,4.0
2024-05-16,189.2041015625,12.420000076293945,29016.714,5.33,313.14,4.0
2024-05-17,189.2340087890625,11.989999771118164,29016.714,5.33,313.14,4.0
2024-05-20,190.4000701904297,12.149999618530273,29016.714,5.33,313.14,4.0
2024-05-21,191.70570373535156,11.859999656677246,29016.714,5.33,313.14,4.0
2024-05-22,190.26055908203125,12.289999961853027,29016.714,5.33,313.14,4.0
2024-05-23,186.2540283203125,12.770000457763672,29016.714,5.33,313.14,4.0
2024-05-24,189.3436279296875,11.930000305175781,29016.714,5.33,313.14,4.0
2024-05-28,189.35360717773438,12.920000076293945,29016.714,5.33,313.14,4.0
2024-05-29,189.652587890625,14.279999732971191,29016.714,5.33,313.14,4.0
2024-05-30,190.6492462158203,14.470000267028809,29016.714,5.33,313.14,4.0
2024-05-31,191.6060333251953,12.920000076293945,29016.714,5.33,313.14,4.0
2024-06-01,191.6060333251953,12.920000076293945,29016.714,5.33,313.131,4.1
2024-06-03,193.38006591796875,13.109999656677246,29016.714,5.33,313.131,4.1
2024-06-04,193.69900512695312,13.15999984741211,29016.714,5.33,313.131,4.1
2024-06-05,195.21389770507812,12.630000114440918,29016.714,5.33,313.131,4.1
2024-06-06,193.8285369873047,12.579999923706055,29016.714,5.33,313.131,4.1
2024-06-07,196.23048400878906,12.220000267028809,29016.714,5.33,313.131,4.1
2024-06-10,192.4730987548828,12.739999771118164,29016.714,5.33,313.131,4.1
2024-06-11,206.4561004638672,12.850000381469727,29016.714,5.33,313.131,4.1
2024-06-12,212.35630798339844,12.039999961853027,29016.714,5.33,313.131,4.1
2024-06-13,213.52236938476562,11.9399995803833,29016.714,5.33,313.131,4.1
2024-06-14,211.77822875976562,12.65999984741211,29016.714,5.33,313.131,4.1
2024-06-17,215.94422912597656,12.75,29016.714,5.33,313.131,4.1
2024-06-18,213.5721893310547,12.300000190734863,29016.714,5.33,313.131,4.1
2024-06-20,208.97763061523438,13.279999732971191,29016.714,5.33,313.131,4.1
2024-06-21,206.7949981689453,13.199999809265137,29016.714,5.33,313.131,4.1
2024-06-24,207.4427947998047,13.329999923706055,29016.714,5.33,313.131,4.1
2024-06-25,208.36968994140625,12.84000015258789,29016.714,5.33,313.131,4.1
2024-06-26,212.5356903076172,12.550000190734863,29016.714,5.33,313.131,4.1
2024-06-27,213.3828582763672,12.239999771118164,29016.714,5.33,313.131,4.1
2024-06-28,209.91448974609375,12.4399995803833,29016.714,5.33,313.131,4.1
2024-07-01,216.02395629882812,12.220000267028809,29374.914,5.33,313.566,4.2
2024-07-02,219.53216552734375,12.029999732971191,29374.914,5.33,313.566,4.2
2024-07-03,220.80787658691406,12.09000015258789,29374.914,5.33,313.566,4.2
2024-07-05,225.5818328857422,12.479999542236328,29374.914,5.33,313.566,4.2
2024-07-08,227.056884765625,12.369999885559082,29374.914,5.33,313.566,4.2
2024-07-09,227.9139862060547,12.510000228881836,29374.914,5.33,313.566,4.2
2024-07-10,232.1995849609375,12.850000381469727,29374.914,5.33,313.566,4.2
2024-07-11,226.80772399902344,12.920000076293945,29374.914,5.33,313.566,4.2
2024-07-12,229.76776123046875,12.460000038146973,29374.914,5.33,313.566,4.2
2024-07-15,233.61483764648438,13.119999885559082,29374.914,5.33,313.566,4.2
2024-07-16,234.033447265625,13.1899995803833,29374.914,5.33,313.566,4.2
2024-07-17,228.1133270263672,14.479999542236328,29374.914,5.33,313.566,4.2
2024-07-18,223.42906188964844,15.930000305175781,29374.914,5.33,313.566,4.2
2024-07-19,223.5586395263672,16.520000457763672,29374.914,5.33,313.566,4.2
2024-07-22,223.20982360839844,14.90999984741211,29374.914,5.33,313.566,4.2
2024-07-23,224.25628662109375,14.720000267028809,29374.914,5.33,313.566,4.2
2024-07-24,217.8079376220703,18.040000915527344,29374.914,5.33,313.566,4.2
2024-07-25,216.76148986816406,18.459999084472656,29374.914,5.33,313.566,4.2
2024-07-26,217.2299041748047,16.389999389648438,29374.914,5.33,313.566,4.2
2024-07-29,217.50897216796875,16.600000381469727,29374.914,5.33,313.566,4.2
2024-07-30,218.06710815429688,17.690000534057617,29374.914,5.33,313.566,4.2
2024-07-31,221.3361053466797,16.360000610351562,29374.914,5.33,313.566,4.2
2024-08-01,217.62855529785156,18.59000015258789,29374.914,5.33,314.131,4.2
2024-08-02,219.12355041503906,23.389999389648438,29374.914,5.33,314.131,4.2
2024-08-05,208.56903076171875,38.56999969482422,29374.914,5.33,314.131,4.2
2024-08-06,206.5358428955078,27.709999084472656,29374.914,5.33,314.131,4.2
2024-08-07,209.11717224121094,27.850000381469727,29374.914,5.33,314.131,4.2
2024-08-08,212.59547424316406,23.790000915527344,29374.914,5.33,314.131,4.2
2024-08-09,215.51568603515625,20.3700008392334,29374.914,5.33,314.131,4.2
2024-08-12,217.0522918701172,20.709999084472656,29374.914,5.33,314.131,4.2
2024-08-13,220.78408813476562,18.1200008392334,29374.914,5.33,314.131,4.2
2024-08-14,221.23309326171875,16.190000534057617,29374.914,5.33,314.131,4.2
2024-08-15,224.22650146484375,15.229999542236328,29374.914,5.33,314.131,4.2
2024-08-16,225.5535888671875,14.800000190734863,29374.914,5.33,314.131,4.2
2024-08-19,225.3939208984375,14.649999618530273,29374.914,5.33,314.131,4.2
2024-08-20,226.0125732421875,15.880000114440918,29374.914,5.33,314.131,4.2
2024-08-21,225.90281677246094,16.270000457763672,29374.914,5.33,314.131,4.2
2024-08-22,224.0369110107422,17.549999237060547,29374.914,5.33,314.131,4.2
2024-08-23,226.3418426513672,15.859999656677246,29374.914,5.33,314.131,4.2
2024-08-26,226.68109130859375,16.149999618530273,29374.914,5.33,314.131,4.2
2024-08-27,227.52923583984375,15.430000305175781,29374.914,5.33,314.131,4.2
2024-08-28,225.99261474609375,17.110000610351562,29374.914,5.33,314.131,4.2
2024-08-29,229.28536987304688,15.649999618530273,29374.914,5.33,314.131,4.2
2024-08-30,228.49710083007812,15.0,29374.914,5.33,314.131,4.2
2024-09-01,228.49710083007812,15.0,29374.914,5.13,314.851,4.1
2024-09-03,222.28079223632812,20.719999313354492,29374.914,5.13,314.851,4.1
2024-09-04,220.36500549316406,21.31999969482422,29374.914,5.13,314.851,4.1
2024-09-05,221.8916473388672,19.899999618530273,29374.914,5.13,314.851,4.1
2024-09-06,220.33506774902344,22.3799991607666,29374.914,5.13,314.851,4.1
2024-09-09,220.4248809814453,19.450000762939453,29374.914,5.13,314.851,4.1
2024-09-10,219.62661743164062,19.079999923706055,29374.914,5.13,314.851,4.1
2024-09-11,222.17103576660156,17.690000534057617,29374.914,5.13,314.851,4.1
2024-09-12,222.28079223632812,17.06999969482422,29374.914,5.13,314.851,4.1
2024-09-13,222.01136779785156,16.559999465942383,29374.914,5.13,314.851,4.1
2024-09-16,215.84495544433594,17.139999389648438,29374.914,5.13,314.851,4.1
2024-09-17,216.31390380859375,17.610000610351562,29374.914,5.13,314.851,4.1
2024-09-18,220.20535278320312,18.229999542236328,29374.914,5.13,314.851,4.1
2024-09-19,228.3673858642578,16.329999923706055,29374.914,5.13,314.851,4.1
2024-09-20,227.6988525390625,16.149999618530273,29374.914,5.13,314.851,4.1
2024-09-23,225.97265625,15.890000343322754,29374.914,5.13,314.851,4.1
2024-09-24,226.8706817626953,15.390000343322754,29374.914,5.13,314.851,4.1
2024-09-25,225.8728790283203,15.40999984741211,29374.914,5.13,314.851,4.1
2024-09-26,227.02035522460938,15.369999885559082,29374.914,5.13,314.851,4.1
2024-09-27,227.2897491455078,16.959999084472656,29374.914,5.13,314.851,4.1
2024-09-30,232.48831176757812,16.729999542236328,29374.914,5.13,314.851,4.1
2024-10-01,225.71322631835938,19.260000228881836,29723.864,4.83,315.564,4.1
2024-10-02,226.28196716308594,18.899999618530273,29723.864,4.83,315.564,4.1
2024-10-03,225.17440795898438,20.489999771118164,29723.864,4.83,315.564,4.1
2024-10-04,226.30194091796875,19.209999084472656,29723.864,4.83,315.564,4.1
2024-10-07,221.2031707763672,22.639999389648438,29723.864,4.83,315.564,4.1
2024-10-08,225.27420043945312,21.420000076293945,29723.864,4.83,315.564,4.1
2024-10-09,229.03591918945312,20.860000610351562,29723.864,4.83,315.564,4.1
2024-10-10,228.53700256347656,20.93000030517578,29723.864,4.83,315.564,4.1
2024-10-11,227.05029296875,20.459999084472656,29723.864,4.83,315.564,4.1
2024-10-14,230.79205322265625,19.700000762939453,29723.864,4.83,315.564,4.1
2024-10-15,233.33645629882812,20.639999389648438,29723.864,4.83,315.564,4.1
2024-10-16,231.27099609375,19.579999923706055,29723.864,4.83,315.564,4.1
2024-10-17,231.6401824951172,19.110000610351562,29723.864,4.83,315.564,4.1
2024-10-18,234.4839324951172,18.030000686645508,29723.864,4.83,315.564,4.1
2024-10-21,235.96067810058594,18.3700008392334,29723.864,4.83,315.564,4.1
2024-10-22,235.342041015625,18.200000762939453,29723.864,4.83,315.564,4.1
2024-10-23,230.25323486328125,19.239999771118164,29723.864,4.83,315.564,4.1
2024-10-24,230.06365966796875,19.079999923706055,29723.864,4.83,315.564,4.1
2024-10-25,230.9018096923828,20.329999923706055,29723.864,4.83,315.564,4.1
2024-10-28,232.88743591308594,19.799999237060547,29723.864,4.83,315.564,4.1
2024-10-29,233.15684509277344,19.34000015258789,29723.864,4.83,315.564,4.1
2024-10-30,229.59469604492188,20.350000381469727,29723.864,4.83,315.564,4.1
2024-10-31,225.4138946533203,23.15999984741211,29723.864,4.83,315.564,4.1
2024-11-01,222.4204864501953,21.8799991607666,29723.864,4.64,316.449,4.2
2024-11-04,221.52244567871094,21.979999542236328,29723.864,4.64,316.449,4.2
2024-11-05,222.95928955078125,20.489999771118164,29723.864,4.64,316.449,4.2
2024-11-06,222.23089599609375,16.270000457763672,29723.864,4.64,316.449,4.2
2024-11-07,226.98043823242188,15.199999809265137,29723.864,4.64,316.449,4.2
2024-11-08,226.7107391357422,14.9399995803833,29723.864,4.64,316.449,4.2
2024-11-11,223.98373413085938,14.970000267028809,29723.864,4.64,316.449,4.2
2024-11-12,223.98373413085938,14.710000038146973,29723.864,4.64,316.449,4.2
2024-11-13,224.8727569580078,14.020000457763672,29723.864,4.64,316.449,4.2
2024-11-14,227.9693603515625,14.3100004196167,29723.864,4.64,316.449,4.2
2024-11-15,224.7528839111328,16.139999389648438,29723.864,4.64,316.449,4.2
2024-11-18,227.7695770263672,15.579999923706055,29723.864,4.64,316.449,4.2
2024-11-19,228.02928161621094,16.350000381469727,29723.864,4.64,316.449,4.2
2024-11-20,228.7484893798828,17.15999984741211,29723.864,4.64,316.449,4.2
2024-11-21,228.26902770996094,16.8700008392334,29723.864,4.64,316.449,4.2
2024-11-22,229.61753845214844,15.239999771118164,29723.864,4.64,316.449,4.2
2024-11-25,232.61424255371094,14.600000381469727,29723.864,4.64,316.449,4.2
2024-11-26,234.8018341064453,14.100000381469727,29723.864,4.64,316.449,4.2
2024-11-27,234.67198181152344,14.100000381469727,29723.864,4.64,316.449,4.2
2024-11-29,237.06935119628906,13.510000228881836,29723.864,4.64,316.449,4.2
2024-12-01,237.06935119628906,13.510000228881836,29723.864,4.48,317.603,4.1
2024-12-02,239.3268585205078,13.34000015258789,29723.864,4.48,317.603,4.1
2024-12-03,242.3834991455078,13.300000190734863,29723.864,4.48,317.603,4.1
2024-12-04,242.74310302734375,13.449999809265137,29723.864,4.48,317.603,4.1
2024-12-05,242.7730712890625,13.539999961853027,29723.864,4.48,317.603,4.1
2024-12-06,242.5732879638672,12.770000457763672,29723.864,4.48,317.603,4.1
2024-12-09,246.47900390625,14.1899995803833,29723.864,4.48,317.603,4.1
2024-12-10,247.4978790283203,14.180000305175781,29723.864,4.48,317.603,4.1
2024-12-11,246.2192840576172,13.579999923706055,29723.864,4.48,317.603,4.1
2024-12-12,247.68768310546875,13.920000076293945,29723.864,4.48,317.603,4.1
2024-12-13,247.85748291015625,13.8100004196167,29723.864,4.48,317.603,4.1
2024-12-16,250.7642822265625,14.6899995803833,29723.864,4.48,317.603,4.1
2024-12-17,253.20159912109375,15.869999885559082,29723.864,4.48,317.603,4.1
2024-12-18,247.77757263183594,27.6200008392334,29723.864,4.48,317.603,4.1
2024-12-19,249.51565551757812,24.09000015258789,29723.864,4.48,317.603,4.1
2024-12-20,254.21051025390625,18.360000610351562,29723.864,4.48,317.603,4.1
2024-12-23,254.98965454101562,16.780000686645508,29723.864,4.48,317.603,4.1
2024-12-24,257.91644287109375,14.270000457763672,29723.864,4.48,317.603,4.1
2024-12-26,258.7355041503906,14.729999542236328,29723.864,4.48,317.603,4.1
2024-12-27,255.30929565429688,15.949999809265137,29723.864,4.48,317.603,4.1
2024-12-30,251.9230194091797,17.399999618530273,29723.864,4.48,317.603,4.1
2024-12-31,250.1449737548828,17.350000381469727,29723.864,4.48,317.603,4.1
2025-01-01,250.1449737548828,17.350000381469727,29723.864,4.33,319.086,4.0
2025-01-02,243.5821990966797,17.93000030517578,29723.864,4.33,319.086,4.0
2025-01-03,243.0927276611328,16.1299991607666,29723.864,4.33,319.086,4.0
2025-01-06,244.73092651367188,16.040000915527344,29723.864,4.33,319.086,4.0
2025-01-07,241.94400024414062,17.81999969482422,29723.864,4.33,319.086,4.0
2025-01-08,242.43344116210938,17.700000762939453,29723.864,4.33,319.086,4.0
2025-01-10,236.58987426757812,19.540000915527344,29723.864,4.33,319.086,4.0
2025-01-13,234.14256286621094,19.190000534057617,29723.864,4.33,319.086,4.0
2025-01-14,233.02378845214844,18.709999084472656,29723.864,4.33,319.086,4.0
2025-01-15,237.60874938964844,16.1200008392334,29723.864,4.33,319.086,4.0
2025-01-16,228.00930786132812,16.600000381469727,29723.864,4.33,319.086,4.0
2025-01-17,229.7274169921875,15.970000267028809,29723.864,4.33,319.086,4.0
2025-01-21,222.39547729492188,15.0600004196167,29723.864,4.33,319.086,4.0
2025-01-22,223.58416748046875,15.100000381469727,29723.864,4.33,319.086,4.0
2025-01-23,223.41436767578125,15.020000457763672,29723.864,4.33,319.086,4.0
2025-01-24,222.5353240966797,14.850000381469727,29723.864,4.33,319.086,4.0
2025-01-27,229.6075439453125,17.899999618530273,29723.864,4.33,319.086,4.0
2025-01-28,237.99832153320312,16.40999984741211,29723.864,4.33,319.086,4.0
2025-01-29,239.0971221923828,16.559999465942383,29723.864,4.33,319.086,4.0
2025-01-30,237.3290557861328,15.84000015258789,29723.864,4.33,319.086,4.0
2025-01-31,235.74081420898438,16.43000030517578,29723.864,4.33,319.086,4.0
2025-02-01,235.74081420898438,16.43000030517578,29723.864,4.33,319.775,4.1
2025-02-03,227.75958251953125,18.6200008392334,29723.864,4.33,319.775,4.1
2025-02-04,232.54432678222656,17.209999084472656,29723.864,4.33,319.775,4.1
2025-02-05,232.21469116210938,15.770000457763672,29723.864,4.33,319.775,4.1
2025-02-06,232.9638671875,15.5,29723.864,4.33,319.775,4.1
2025-02-07,227.3800048828125,16.540000915527344,29723.864,4.33,319.775,4.1
2025-02-10,227.64999389648438,15.8100004196167,29723.864,4.33,319.775,4.1
2025-02-11,232.6199951171875,16.020000457763672,29723.864,4.33,319.775,4.1
2025-02-12,236.8699951171875,15.890000343322754,29723.864,4.33,319.775,4.1
2025-02-13,241.52999877929688,15.100000381469727,29723.864,4.33,319.775,4.1
2025-02-14,244.60000610351562,14.770000457763672,29723.864,4.33,319.775,4.1
2025-02-18,244.47000122070312,15.350000381469727,29723.864,4.33,319.775,4.1
2025-02-19,244.8699951171875,15.270000457763672,29723.864,4.33,319.775,4.1
2025-02-20,245.8300018310547,15.65999984741211,29723.864,4.33,319.775,4.1
2025-02-21,245.5500030517578,18.209999084472656,29723.864,4.33,319.775,4.1
2025-02-24,247.10000610351562,18.979999542236328,29723.864,4.33,319.775,4.1
2025-02-25,247.0399932861328,19.43000030517578,29723.864,4.33,319.775,4.1
2025-02-26,240.36000061035156,19.100000381469727,29723.864,4.33,319.775,4.1
2025-02-27,237.3000030517578,21.1299991607666,29723.864,4.33,319.775,4.1
2025-02-28,241.83999633789062,19.6299991607666,29723.864,4.33,319.775,4.1
2025-03-01,241.83999633789062,19.6299991607666,29723.864,4.33,319.775,4.1
2025-03-03,238.02999877929688,22.780000686645508,29723.864,4.33,319.775,4.1
2025-03-04,235.92999267578125,23.510000228881836,29723.864,4.33,319.775,4.1
2025-03-05,235.74000549316406,21.93000030517578,29723.864,4.33,319.775,4.1
2025-03-06,235.3300018310547,24.8700008392334,29723.864,4.33,319.775,4.1
2025-03-07,239.07000732421875,23.3700008392334,29723.864,4.33,319.775,4.1
2025-03-10,227.47999572753906,27.860000610351562,29723.864,4.33,319.775,4.1
2025-03-11,220.83999633789062,26.920000076293945,29723.864,4.33,319.775,4.1
2025-03-12,216.97999572753906,24.229999542236328,29723.864,4.33,319.775,4.1
2025-03-13,209.67999267578125,24.65999984741211,29723.864,4.33,319.775,4.1
2025-03-14,213.49000549316406,21.770000457763672,29723.864,4.33,319.775,4.1
